population_count,random_select,num_generations,min fitness,avg fitness
10,0.0,7303,0,0.7
10,0.01,6976,0,1.0
10,0.02,4019,0,3.5
10,0.03,10000,1,1.0
10,0.04,3062,0,0.4
10,0.05,10000,1,1.0
10,0.06,10000,1,1.0
10,0.07,2540,0,2.4
10,0.08,8236,0,0.3
10,0.09,7922,0,0.7
10,0.1,5597,0,0.7
10,0.11,1863,0,2.4
10,0.12,2655,0,0.7
10,0.13,864,0,4.2
10,0.14,4889,0,2.4
10,0.15,10000,1,1.0
10,0.16,3199,0,1.2
10,0.17,8075,0,0.9
10,0.18,1018,0,2.4
10,0.19,2904,0,0.6
10,0.2,1666,0,10.4
10,0.21,2951,0,1.6
10,0.22,1902,0,4.9
10,0.23,6382,0,0.6
10,0.24,3556,0,1.0
10,0.25,2553,0,0.7
10,0.26,2453,0,1.4
10,0.27,10000,1,1.0
10,0.28,1170,0,9.8
10,0.29,7863,0,0.9
10,0.3,3047,0,0.7
10,0.31,2261,0,0.8
10,0.32,996,0,16.2
10,0.33,6483,0,0.7
10,0.34,2109,0,0.7
10,0.35,3512,0,0.4
10,0.36,1128,0,1.4
10,0.37,6941,0,0.8
10,0.38,1292,0,5.0
10,0.39,1603,0,1.8
10,0.4,1624,0,18.9
10,0.41,618,0,45.1
10,0.42,1587,0,6.8
10,0.43,2441,0,2.4
10,0.44,654,0,5.6
10,0.45,1348,0,3.2
10,0.46,1336,0,5.4
10,0.47,695,0,1.2
10,0.48,1337,0,0.5
10,0.49,1025,0,15.9
10,0.5,2817,0,0.8
10,0.51,2913,0,0.9
10,0.52,771,0,1.8
10,0.53,583,0,1.8
10,0.54,2364,0,6.0
10,0.55,370,0,4.8
10,0.56,2204,0,0.8
10,0.57,2946,0,0.9
10,0.58,4320,0,0.9
10,0.59,5778,0,0.8
10,0.6,778,0,1.8
10,0.61,4518,0,0.9
10,0.62,682,0,0.9
10,0.63,1591,0,0.9
10,0.64,4614,0,0.9
10,0.65,3068,0,0.9
10,0.66,3801,0,0.9
10,0.67,883,0,1.8
10,0.68,1876,0,0.9
10,0.69,910,0,2.8
10,0.7,2411,0,0.9
10,0.71,588,0,1.8
10,0.72,3889,0,2.0
10,0.73,393,0,0.9
10,0.74,449,0,8.0
10,0.75,716,0,3.6
10,0.76,1083,0,1.8
10,0.77,1136,0,6.3
10,0.78,4320,0,47.1
10,0.79,1089,0,0.9
10,0.8,842,0,2.7
10,0.81,4661,0,0.9
10,0.82,1603,0,4.5
10,0.83,1703,0,4.1
10,0.84,3197,0,0.9
10,0.85,1849,0,1.8
10,0.86,1724,0,0.9
10,0.87,1082,0,20.8
10,0.88,2903,0,1.6
10,0.89,3351,0,0.9
20,0.0,2410,0,0.8
20,0.01,283,0,4.4
20,0.02,298,0,2.1
20,0.03,1162,0,1.4
20,0.04,1212,0,1.3
20,0.05,861,0,11.9
20,0.06,4288,0,0.75
20,0.07,3807,0,0.8
20,0.08,2577,0,0.75
20,0.09,1257,0,3.2
20,0.1,4338,0,0.8
20,0.11,4454,0,0.85
20,0.12,619,0,1.8
20,0.13,1293,0,5.1
20,0.14,869,0,0.75
20,0.15,4868,0,0.75
20,0.16,1179,0,5.7
20,0.17,1109,0,0.9
20,0.18,1359,0,0.85
20,0.19,3081,0,0.95
20,0.2,2558,0,1.8
20,0.21,2360,0,2.0
20,0.22,2687,0,0.85
20,0.23,2988,0,0.75
20,0.24,796,0,0.95
20,0.25,1186,0,0.85
20,0.26,4199,0,0.7
20,0.27,5528,0,0.9
20,0.28,1170,0,0.9
20,0.29,852,0,4.2
20,0.3,1033,0,0.85
20,0.31,913,0,0.9
20,0.32,549,0,12.6
20,0.33,1867,0,0.9
20,0.34,524,0,12.35
20,0.35,912,0,0.95
20,0.36,747,0,6.8
20,0.37,957,0,0.95
20,0.38,496,0,0.9
20,0.39,368,0,10.4
20,0.4,932,0,0.9
20,0.41,1750,0,0.9
20,0.42,1751,0,0.9
20,0.43,543,0,15.2
20,0.44,474,0,3.8
20,0.45,821,0,0.95
20,0.46,1490,0,0.95
20,0.47,863,0,2.85
20,0.48,863,0,1.7
20,0.49,126,0,7.2
20,0.5,191,0,5.4
20,0.51,478,0,2.85
20,0.52,1460,0,2.15
20,0.53,1093,0,0.95
20,0.54,1706,0,0.95
20,0.55,1590,0,0.95
20,0.56,1213,0,2.25
20,0.57,134,0,31.9
20,0.58,2746,0,5.95
20,0.59,981,0,0.9
20,0.6,588,0,3.8
20,0.61,264,0,25.35
20,0.62,695,0,0.95
20,0.63,426,0,21.8
20,0.64,789,0,7.85
20,0.65,866,0,6.45
20,0.66,495,0,15.2
20,0.67,2119,0,4.95
20,0.68,1614,0,4.35
20,0.69,1683,0,0.9
20,0.7,753,0,12.8
20,0.71,425,0,2.7
20,0.72,940,0,0.95
20,0.73,2454,0,0.95
20,0.74,655,0,15.05
20,0.75,778,0,7.35
20,0.76,2137,0,17.05
20,0.77,985,0,8.0
20,0.78,1359,0,8.0
20,0.79,594,0,5.7
20,0.8,857,0,4.15
20,0.81,564,0,6.85
20,0.82,569,0,3.3
20,0.83,929,0,0.95
20,0.84,1573,0,1.65
20,0.85,1034,0,4.4
20,0.86,585,0,1.85
20,0.87,1406,0,0.95
20,0.88,990,0,2.95
20,0.89,1450,0,7.8
30,0.0,1832,0,0.9333333333333333
30,0.01,1619,0,0.9
30,0.02,1271,0,0.9
30,0.03,1446,0,0.9
30,0.04,2255,0,5.266666666666667
30,0.05,1554,0,0.8
30,0.06,1446,0,0.8666666666666667
30,0.07,1745,0,0.9
30,0.08,1535,0,0.8
30,0.09,864,0,1.8
30,0.1,1674,0,0.8666666666666667
30,0.11,1328,0,0.8333333333333334
30,0.12,2218,0,0.9
30,0.13,182,0,25.133333333333333
30,0.14,776,0,1.0
30,0.15,666,0,0.9
30,0.16,2780,0,0.9666666666666667
30,0.17,2591,0,7.2
30,0.18,231,0,0.9
30,0.19,675,0,0.9
30,0.2,622,0,0.9333333333333333
30,0.21,2077,0,0.8666666666666667
30,0.22,569,0,0.8666666666666667
30,0.23,1122,0,3.7333333333333334
30,0.24,329,0,4.666666666666667
30,0.25,594,0,2.7
30,0.26,1277,0,1.5666666666666667
30,0.27,726,0,4.633333333333334
30,0.28,1548,0,0.9333333333333333
30,0.29,420,0,7.766666666666667
30,0.3,1045,0,0.9333333333333333
30,0.31,336,0,5.733333333333333
30,0.32,994,0,0.9666666666666667
30,0.33,1668,0,0.9
30,0.34,459,0,8.2
30,0.35,477,0,0.9333333333333333
30,0.36,1120,0,0.9666666666666667
30,0.37,464,0,2.9
30,0.38,903,0,0.9666666666666667
30,0.39,1775,0,0.8666666666666667
30,0.4,1493,0,0.9
30,0.41,884,0,2.3666666666666667
30,0.42,1005,0,0.9666666666666667
30,0.43,247,0,4.666666666666667
30,0.44,773,0,1.6333333333333333
30,0.45,742,0,3.6666666666666665
30,0.46,198,0,2.1
30,0.47,976,0,0.9666666666666667
30,0.48,402,0,0.9666666666666667
30,0.49,188,0,0.9333333333333333
30,0.5,362,0,1.8666666666666667
30,0.51,451,0,1.8666666666666667
30,0.52,1037,0,3.7
30,0.53,360,0,9.2
30,0.54,1280,0,5.966666666666667
30,0.55,1224,0,11.233333333333333
30,0.56,2478,0,0.9666666666666667
30,0.57,227,0,6.766666666666667
30,0.58,372,0,10.2
30,0.59,653,0,0.9333333333333333
30,0.6,749,0,0.9666666666666667
30,0.61,605,0,2.8666666666666667
30,0.62,807,0,0.9333333333333333
30,0.63,2323,0,8.7
30,0.64,2960,0,0.9666666666666667
30,0.65,333,0,1.9333333333333333
30,0.66,91,0,9.433333333333334
30,0.67,728,0,5.066666666666666
30,0.68,574,0,3.066666666666667
30,0.69,1107,0,0.9666666666666667
30,0.7,587,0,1.2333333333333334
30,0.71,372,0,2.1333333333333333
30,0.72,738,0,2.566666666666667
30,0.73,786,0,13.9
30,0.74,534,0,2.966666666666667
30,0.75,141,0,11.133333333333333
30,0.76,735,0,3.4
30,0.77,432,0,8.433333333333334
30,0.78,1244,0,21.466666666666665
30,0.79,444,0,4.866666666666666
30,0.8,1011,0,8.7
30,0.81,1784,0,2.933333333333333
30,0.82,425,0,4.133333333333334
30,0.83,1911,0,4.366666666666666
30,0.84,702,0,2.966666666666667
30,0.85,2355,0,10.566666666666666
30,0.86,1149,0,47.0
30,0.87,523,0,4.566666666666666
30,0.88,1372,0,4.6
30,0.89,918,0,4.1
40,0.0,1321,0,0.85
40,0.01,3584,0,0.875
40,0.02,5078,0,0.925
40,0.03,811,0,0.925
40,0.04,208,0,1.75
40,0.05,2262,0,0.95
40,0.06,515,0,0.875
40,0.07,2265,0,0.9
40,0.08,886,0,0.95
40,0.09,235,0,23.125
40,0.1,908,0,0.875
40,0.11,1445,0,0.95
40,0.12,494,0,1.75
40,0.13,1108,0,6.35
40,0.14,445,0,0.9
40,0.15,1524,0,1.875
40,0.16,989,0,0.975
40,0.17,1176,0,2.85
40,0.18,207,0,1.9
40,0.19,732,0,0.925
40,0.2,844,0,2.9
40,0.21,298,0,7.6
40,0.22,543,0,3.8
40,0.23,900,0,1.675
40,0.24,399,0,1.75
40,0.25,445,0,1.95
40,0.26,1895,0,0.975
40,0.27,888,0,3.1
40,0.28,1303,0,0.95
40,0.29,13,0,11.6
40,0.3,673,0,1.9
40,0.31,781,0,5.65
40,0.32,620,0,0.975
40,0.33,1276,0,0.9
40,0.34,892,0,10.175
40,0.35,101,0,2.925
40,0.36,479,0,0.975
40,0.37,276,0,2.05
40,0.38,377,0,5.225
40,0.39,1243,0,0.925
40,0.4,807,0,0.95
40,0.41,1759,0,0.95
40,0.42,305,0,0.975
40,0.43,346,0,0.95
40,0.44,1080,0,0.975
40,0.45,183,0,8.25
40,0.46,492,0,2.95
40,0.47,791,0,6.5
40,0.48,344,0,6.775
40,0.49,352,0,2.35
40,0.5,249,0,2.275
40,0.51,339,0,0.95
40,0.52,264,0,12.025
40,0.53,1656,0,2.15
40,0.54,1963,0,0.95
40,0.55,995,0,2.425
40,0.56,512,0,1.175
40,0.57,485,0,6.625
40,0.58,284,0,30.475
40,0.59,412,0,4.525
40,0.6,2018,0,0.875
40,0.61,693,0,3.375
40,0.62,132,0,15.275
40,0.63,1015,0,3.225
40,0.64,225,0,4.1
40,0.65,639,0,2.725
40,0.66,363,0,8.9
40,0.67,193,0,18.675
40,0.68,709,0,3.425
40,0.69,398,0,1.025
40,0.7,207,0,8.725
40,0.71,813,0,5.6
40,0.72,634,0,6.275
40,0.73,310,0,9.675
40,0.74,230,0,9.675
40,0.75,504,0,4.575
40,0.76,414,0,6.1
40,0.77,138,0,10.725
40,0.78,637,0,5.1
40,0.79,414,0,1.95
40,0.8,630,0,3.175
40,0.81,278,0,6.4
40,0.82,203,0,19.55
40,0.83,489,0,3.975
40,0.84,294,0,12.575
40,0.85,79,0,42.975
40,0.86,1236,0,3.5
40,0.87,218,0,9.2
40,0.88,324,0,5.225
40,0.89,199,0,12.575
50,0.0,1032,0,0.92
50,0.01,296,0,9.0
50,0.02,2404,0,0.88
50,0.03,2504,0,0.88
50,0.04,274,0,8.96
50,0.05,775,0,0.98
50,0.06,359,0,0.94
50,0.07,162,0,13.5
50,0.08,512,0,0.88
50,0.09,480,0,0.96
50,0.1,935,0,0.94
50,0.11,421,0,1.88
50,0.12,98,0,11.7
50,0.13,89,0,6.58
50,0.14,391,0,6.0
50,0.15,55,0,44.16
50,0.16,104,0,2.7
50,0.17,1992,0,0.94
50,0.18,483,0,9.7
50,0.19,2077,0,1.48
50,0.2,1370,0,0.96
50,0.21,314,0,1.18
50,0.22,490,0,0.94
50,0.23,771,0,0.92
50,0.24,1236,0,0.98
50,0.25,22,0,6.28
50,0.26,1240,0,0.96
50,0.27,827,0,2.54
50,0.28,468,0,4.02
50,0.29,975,0,3.8
50,0.3,573,0,4.2
50,0.31,240,0,5.28
50,0.32,847,0,1.96
50,0.33,1225,0,1.0
50,0.34,619,0,5.16
50,0.35,180,0,7.56
50,0.36,819,0,0.9
50,0.37,70,0,7.68
50,0.38,965,0,0.98
50,0.39,1318,0,0.92
50,0.4,463,0,1.3
50,0.41,656,0,0.98
50,0.42,914,0,0.94
50,0.43,733,0,6.68
50,0.44,346,0,3.66
50,0.45,222,0,1.8
50,0.46,243,0,16.2
50,0.47,490,0,2.62
50,0.48,244,0,0.92
50,0.49,105,0,2.96
50,0.5,872,0,1.96
50,0.51,747,0,5.2
50,0.52,252,0,2.18
50,0.53,151,0,8.16
50,0.54,545,0,2.28
50,0.55,191,0,2.74
50,0.56,213,0,1.96
50,0.57,298,0,2.04
50,0.58,33,0,30.12
50,0.59,704,0,2.14
50,0.6,727,0,2.2
50,0.61,164,0,0.94
50,0.62,185,0,10.26
50,0.63,143,0,6.84
50,0.64,966,0,3.32
50,0.65,508,0,0.98
50,0.66,602,0,5.88
50,0.67,85,0,4.12
50,0.68,999,0,5.78
50,0.69,258,0,22.06
50,0.7,265,0,0.98
50,0.71,299,0,3.6
50,0.72,390,0,16.58
50,0.73,527,0,9.68
50,0.74,559,0,6.86
50,0.75,259,0,10.58
50,0.76,172,0,15.06
50,0.77,108,0,16.8
50,0.78,226,0,11.2
50,0.79,418,0,10.62
50,0.8,212,0,5.02
50,0.81,352,0,20.42
50,0.82,427,0,38.78
50,0.83,244,0,26.64
50,0.84,1154,0,13.56
50,0.85,326,0,34.1
50,0.86,143,0,25.08
50,0.87,448,0,10.88
50,0.88,132,0,35.24
50,0.89,407,0,17.8
60,0.0,711,0,2.9
60,0.01,364,0,5.6
60,0.02,435,0,0.9333333333333333
60,0.03,984,0,0.9833333333333333
60,0.04,1221,0,1.9
60,0.05,677,0,0.9
60,0.06,467,0,4.783333333333333
60,0.07,1363,0,0.8833333333333333
60,0.08,307,0,1.8333333333333333
60,0.09,503,0,0.9333333333333333
60,0.1,957,0,0.9333333333333333
60,0.11,318,0,1.8666666666666667
60,0.12,500,0,0.95
60,0.13,1632,0,0.9
60,0.14,1601,0,0.9666666666666667
60,0.15,557,0,2.4833333333333334
60,0.16,250,0,2.9
60,0.17,184,0,0.9666666666666667
60,0.18,1384,0,0.9666666666666667
60,0.19,1082,0,0.9833333333333333
60,0.2,496,0,3.2666666666666666
60,0.21,1603,0,0.9666666666666667
60,0.22,443,0,0.9166666666666666
60,0.23,758,0,4.783333333333333
60,0.24,1698,0,4.383333333333334
60,0.25,138,0,6.166666666666667
60,0.26,382,0,1.9666666666666666
60,0.27,417,0,5.7
60,0.28,224,0,0.9666666666666667
60,0.29,270,0,8.366666666666667
60,0.3,953,0,0.9666666666666667
60,0.31,426,0,1.0
60,0.32,253,0,1.9666666666666666
60,0.33,524,0,6.816666666666666
60,0.34,272,0,3.783333333333333
60,0.35,460,0,0.9666666666666667
60,0.36,26,0,3.4
60,0.37,194,0,1.9333333333333333
60,0.38,39,0,15.466666666666667
60,0.39,298,0,0.95
60,0.4,421,0,0.9666666666666667
60,0.41,295,0,3.85
60,0.42,934,0,0.9833333333333333
60,0.43,323,0,1.0
60,0.44,97,0,0.9666666666666667
60,0.45,41,0,8.7
60,0.46,106,0,3.066666666666667
60,0.47,245,0,2.283333333333333
60,0.48,258,0,0.9833333333333333
60,0.49,488,0,1.9333333333333333
60,0.5,1079,0,3.1
60,0.51,66,0,9.566666666666666
60,0.52,435,0,0.9666666666666667
60,0.53,1110,0,3.55
60,0.54,385,0,1.5833333333333333
60,0.55,281,0,5.35
60,0.56,81,0,6.833333333333333
60,0.57,177,0,9.85
60,0.58,542,0,1.9666666666666666
60,0.59,68,0,9.95
60,0.6,424,0,4.783333333333333
60,0.61,1535,0,22.25
60,0.62,247,0,14.633333333333333
60,0.63,150,0,4.65
60,0.64,48,0,23.233333333333334
60,0.65,349,0,2.183333333333333
60,0.66,400,0,5.35
60,0.67,431,0,7.133333333333334
60,0.68,146,0,13.266666666666667
60,0.69,59,0,2.683333333333333
60,0.7,145,0,8.2
60,0.71,212,0,5.5
60,0.72,707,0,1.4833333333333334
60,0.73,111,0,19.0
60,0.74,269,0,4.183333333333334
60,0.75,210,0,8.0
60,0.76,487,0,11.866666666666667
60,0.77,579,0,8.333333333333334
60,0.78,240,0,6.2
60,0.79,272,0,4.783333333333333
60,0.8,550,0,9.883333333333333
60,0.81,257,0,10.766666666666667
60,0.82,650,0,2.466666666666667
60,0.83,156,0,11.416666666666666
60,0.84,219,0,7.666666666666667
60,0.85,560,0,8.883333333333333
60,0.86,300,0,18.45
60,0.87,205,0,7.566666666666666
60,0.88,406,0,12.016666666666667
60,0.89,714,0,4.6
70,0.0,144,0,6.742857142857143
70,0.01,60,0,4.785714285714286
70,0.02,2040,0,0.9714285714285714
70,0.03,1353,0,0.9714285714285714
70,0.04,496,0,0.9714285714285714
70,0.05,830,0,0.9428571428571428
70,0.06,1015,0,4.785714285714286
70,0.07,149,0,0.9285714285714286
70,0.08,1260,0,0.9285714285714286
70,0.09,979,0,1.9285714285714286
70,0.1,97,0,2.7857142857142856
70,0.11,949,0,0.9714285714285714
70,0.12,1327,0,0.9428571428571428
70,0.13,1951,0,0.9571428571428572
70,0.14,475,0,0.9285714285714286
70,0.15,593,0,5.9714285714285715
70,0.16,736,0,0.9571428571428572
70,0.17,382,0,1.9428571428571428
70,0.18,360,0,0.9571428571428572
70,0.19,233,0,8.357142857142858
70,0.2,528,0,0.9571428571428572
70,0.21,803,0,0.9714285714285714
70,0.22,1381,0,0.9428571428571428
70,0.23,8,0,47.77142857142857
70,0.24,206,0,5.385714285714286
70,0.25,708,0,2.0714285714285716
70,0.26,843,0,0.9285714285714286
70,0.27,7,0,81.15714285714286
70,0.28,415,0,0.9142857142857143
70,0.29,279,0,3.6142857142857143
70,0.3,212,0,0.9714285714285714
70,0.31,392,0,2.4285714285714284
70,0.32,92,0,0.9714285714285714
70,0.33,161,0,2.0285714285714285
70,0.34,535,0,0.9714285714285714
70,0.35,67,0,5.542857142857143
70,0.36,169,0,5.628571428571429
70,0.37,147,0,2.2857142857142856
70,0.38,671,0,0.9857142857142858
70,0.39,294,0,0.9571428571428572
70,0.4,270,0,1.4
70,0.41,82,0,21.571428571428573
70,0.42,253,0,1.7285714285714286
70,0.43,13,0,23.585714285714285
70,0.44,445,0,3.3714285714285714
70,0.45,617,0,4.128571428571429
70,0.46,418,0,0.9857142857142858
70,0.47,744,0,1.3428571428571427
70,0.48,362,0,2.7857142857142856
70,0.49,124,0,6.785714285714286
70,0.5,196,0,8.728571428571428
70,0.51,374,0,2.157142857142857
70,0.52,209,0,2.1142857142857143
70,0.53,139,0,11.585714285714285
70,0.54,595,0,4.328571428571428
70,0.55,371,0,1.6857142857142857
70,0.56,268,0,7.728571428571429
70,0.57,282,0,4.5
70,0.58,150,0,6.171428571428572
70,0.59,621,0,1.9428571428571428
70,0.6,336,0,6.671428571428572
70,0.61,240,0,9.757142857142858
70,0.62,154,0,7.242857142857143
70,0.63,217,0,9.085714285714285
70,0.64,640,0,3.8142857142857145
70,0.65,125,0,11.1
70,0.66,223,0,9.728571428571428
70,0.67,395,0,4.8428571428571425
70,0.68,42,0,34.885714285714286
70,0.69,336,0,5.6571428571428575
70,0.7,329,0,11.314285714285715
70,0.71,447,0,1.3285714285714285
70,0.72,216,0,5.914285714285715
70,0.73,192,0,8.628571428571428
70,0.74,252,0,6.1571428571428575
70,0.75,263,0,3.9
70,0.76,1364,0,2.157142857142857
70,0.77,347,0,18.485714285714284
70,0.78,305,0,3.5714285714285716
70,0.79,133,0,8.67142857142857
70,0.8,327,0,11.128571428571428
70,0.81,300,0,3.5714285714285716
70,0.82,200,0,17.0
70,0.83,827,0,7.628571428571429
70,0.84,203,0,13.914285714285715
70,0.85,190,0,12.314285714285715
70,0.86,142,0,3.5428571428571427
70,0.87,168,0,21.52857142857143
70,0.88,159,0,8.042857142857143
70,0.89,151,0,34.07142857142857
80,0.0,227,0,1.9
80,0.01,422,0,0.975
80,0.02,494,0,4.3625
80,0.03,656,0,2.925
80,0.04,116,0,2.8125
80,0.05,716,0,0.95
80,0.06,198,0,0.9875
80,0.07,616,0,0.95
80,0.08,711,0,2.8125
80,0.09,867,0,1.175
80,0.1,337,0,0.9625
80,0.11,713,0,1.6875
80,0.12,554,0,1.975
80,0.13,6,0,22.8625
80,0.14,740,0,0.95
80,0.15,114,0,7.8
80,0.16,417,0,1.925
80,0.17,371,0,0.975
80,0.18,561,0,0.9625
80,0.19,338,0,1.0
80,0.2,648,0,6.2125
80,0.21,229,0,1.975
80,0.22,352,0,0.9875
80,0.23,589,0,0.95
80,0.24,223,0,1.175
80,0.25,318,0,0.95
80,0.26,367,0,0.95
80,0.27,147,0,2.7875
80,0.28,267,0,1.875
80,0.29,802,0,1.35
80,0.3,535,0,12.0375
80,0.31,172,0,0.9875
80,0.32,517,0,8.675
80,0.33,227,0,1.925
80,0.34,307,0,1.0625
80,0.35,268,0,4.4875
80,0.36,68,0,9.4125
80,0.37,38,0,5.6625
80,0.38,49,0,9.2625
80,0.39,399,0,4.6
80,0.4,239,0,3.65
80,0.41,439,0,7.325
80,0.42,457,0,0.975
80,0.43,508,0,3.025
80,0.44,382,0,0.9875
80,0.45,285,0,1.0375
80,0.46,5,0,146.0875
80,0.47,361,0,1.1875
80,0.48,72,0,30.6
80,0.49,431,0,1.3625
80,0.5,527,0,3.025
80,0.51,133,0,5.025
80,0.52,340,0,1.25
80,0.53,296,0,5.05
80,0.54,370,0,1.75
80,0.55,491,0,1.6375
80,0.56,624,0,5.2125
80,0.57,84,0,8.9875
80,0.58,219,0,6.8
80,0.59,85,0,6.45
80,0.6,264,0,0.9875
80,0.61,437,0,2.2875
80,0.62,137,0,4.8375
80,0.63,440,0,6.0875
80,0.64,68,0,24.9
80,0.65,79,0,10.125
80,0.66,114,0,7.9
80,0.67,574,0,1.8375
80,0.68,191,0,6.6375
80,0.69,113,0,12.6875
80,0.7,168,0,6.925
80,0.71,618,0,11.7125
80,0.72,414,0,5.6
80,0.73,48,0,46.6125
80,0.74,116,0,13.5375
80,0.75,291,0,8.8375
80,0.76,133,0,26.9875
80,0.77,66,0,12.1125
80,0.78,63,0,30.425
80,0.79,421,0,10.1625
80,0.8,503,0,6.075
80,0.81,120,0,18.0625
80,0.82,410,0,19.7375
80,0.83,251,0,12.025
80,0.84,129,0,19.5625
80,0.85,410,0,25.6875
80,0.86,161,0,17.5375
80,0.87,211,0,34.2625
80,0.88,397,0,13.9625
80,0.89,499,0,15.5375
90,0.0,571,0,0.9777777777777777
90,0.01,94,0,9.8
90,0.02,329,0,4.555555555555555
90,0.03,336,0,1.1111111111111112
90,0.04,1287,0,0.9333333333333333
90,0.05,177,0,1.8666666666666667
90,0.06,1480,0,0.9888888888888889
90,0.07,611,0,0.9666666666666667
90,0.08,499,0,0.9666666666666667
90,0.09,1010,0,0.9777777777777777
90,0.1,1265,0,0.9666666666666667
90,0.11,319,0,0.9444444444444444
90,0.12,241,0,6.688888888888889
90,0.13,661,0,1.4777777777777779
90,0.14,277,0,0.9222222222222223
90,0.15,348,0,2.533333333333333
90,0.16,33,0,16.844444444444445
90,0.17,491,0,2.933333333333333
90,0.18,149,0,5.333333333333333
90,0.19,1263,0,0.9666666666666667
90,0.2,472,0,0.9777777777777777
90,0.21,702,0,0.9777777777777777
90,0.22,144,0,0.9777777777777777
90,0.23,485,0,3.422222222222222
90,0.24,432,0,4.411111111111111
90,0.25,969,0,4.044444444444444
90,0.26,113,0,4.066666666666666
90,0.27,182,0,1.8888888888888888
90,0.28,663,0,0.9444444444444444
90,0.29,722,0,5.7
90,0.3,56,0,2.988888888888889
90,0.31,189,0,9.055555555555555
90,0.32,122,0,3.911111111111111
90,0.33,97,0,3.0444444444444443
90,0.34,70,0,6.455555555555556
90,0.35,211,0,4.711111111111111
90,0.36,321,0,3.9555555555555557
90,0.37,79,0,3.6222222222222222
90,0.38,474,0,2.8333333333333335
90,0.39,477,0,7.566666666666666
90,0.4,629,0,3.7111111111111112
90,0.41,229,0,1.0555555555555556
90,0.42,127,0,2.977777777777778
90,0.43,85,0,2.888888888888889
90,0.44,315,0,2.9
90,0.45,33,0,10.61111111111111
90,0.46,92,0,8.177777777777777
90,0.47,24,0,9.122222222222222
90,0.48,86,0,7.155555555555556
90,0.49,124,0,6.022222222222222
90,0.5,122,0,4.677777777777778
90,0.51,674,0,1.0555555555555556
90,0.52,300,0,3.388888888888889
90,0.53,114,0,3.1
90,0.54,173,0,2.422222222222222
90,0.55,228,0,1.4555555555555555
90,0.56,147,0,3.566666666666667
90,0.57,204,0,6.855555555555555
90,0.58,731,0,1.3777777777777778
90,0.59,152,0,7.522222222222222
90,0.6,76,0,7.733333333333333
90,0.61,297,0,7.722222222222222
90,0.62,934,0,1.2333333333333334
90,0.63,107,0,2.0
90,0.64,350,0,9.733333333333333
90,0.65,85,0,11.022222222222222
90,0.66,68,0,9.1
90,0.67,307,0,5.677777777777778
90,0.68,503,0,11.444444444444445
90,0.69,78,0,8.755555555555556
90,0.7,240,0,4.4
90,0.71,90,0,11.588888888888889
90,0.72,122,0,5.2
90,0.73,187,0,13.188888888888888
90,0.74,104,0,2.388888888888889
90,0.75,91,0,11.266666666666667
90,0.76,324,0,15.966666666666667
90,0.77,415,0,4.166666666666667
90,0.78,210,0,3.6222222222222222
90,0.79,516,0,7.511111111111111
90,0.8,258,0,10.444444444444445
90,0.81,135,0,24.27777777777778
90,0.82,30,0,132.26666666666668
90,0.83,127,0,20.555555555555557
90,0.84,231,0,20.4
90,0.85,43,0,102.83333333333333
90,0.86,219,0,7.122222222222222
90,0.87,304,0,15.133333333333333
90,0.88,146,0,26.466666666666665
90,0.89,248,0,25.2
100,0.0,1078,0,0.89
100,0.01,1790,0,0.91
100,0.02,263,0,1.96
100,0.03,1855,0,0.96
100,0.04,346,0,1.92
100,0.05,1289,0,0.98
100,0.06,765,0,0.97
100,0.07,427,0,0.96
100,0.08,314,0,0.98
100,0.09,393,0,0.97
100,0.1,58,0,3.23
100,0.11,722,0,1.85
100,0.12,199,0,2.88
100,0.13,385,0,0.93
100,0.14,979,0,0.98
100,0.15,360,0,0.99
100,0.16,1291,0,0.95
100,0.17,95,0,0.97
100,0.18,488,0,0.96
100,0.19,343,0,0.95
100,0.2,528,0,2.79
100,0.21,246,0,0.98
100,0.22,138,0,2.47
100,0.23,168,0,2.97
100,0.24,272,0,0.99
100,0.25,156,0,3.97
100,0.26,240,0,0.97
100,0.27,279,0,1.65
100,0.28,433,0,1.94
100,0.29,41,0,0.98
100,0.3,1176,0,2.44
100,0.31,223,0,2.1
100,0.32,60,0,13.73
100,0.33,56,0,7.8
100,0.34,24,0,4.71
100,0.35,161,0,3.48
100,0.36,221,0,2.67
100,0.37,394,0,5.52
100,0.38,145,0,9.47
100,0.39,750,0,1.46
100,0.4,161,0,1.91
100,0.41,54,0,4.95
100,0.42,237,0,3.72
100,0.43,197,0,0.99
100,0.44,307,0,1.67
100,0.45,542,0,1.89
100,0.46,271,0,5.91
100,0.47,135,0,2.44
100,0.48,93,0,2.91
100,0.49,364,0,2.97
100,0.5,113,0,0.99
100,0.51,122,0,2.74
100,0.52,296,0,5.33
100,0.53,201,0,6.3
100,0.54,249,0,2.62
100,0.55,158,0,1.19
100,0.56,79,0,3.85
100,0.57,319,0,3.64
100,0.58,281,0,4.09
100,0.59,241,0,2.38
100,0.6,303,0,1.22
100,0.61,355,0,5.46
100,0.62,42,0,30.54
100,0.63,171,0,3.61
100,0.64,19,0,52.3
100,0.65,468,0,5.77
100,0.66,252,0,3.72
100,0.67,349,0,7.95
100,0.68,166,0,6.26
100,0.69,312,0,4.82
100,0.7,24,0,60.65
100,0.71,16,0,141.09
100,0.72,59,0,16.87
100,0.73,256,0,11.86
100,0.74,130,0,11.69
100,0.75,31,0,58.92
100,0.76,200,0,9.21
100,0.77,174,0,6.51
100,0.78,135,0,14.38
100,0.79,90,0,11.07
100,0.8,273,0,15.1
100,0.81,252,0,4.72
100,0.82,321,0,10.84
100,0.83,262,0,19.94
100,0.84,70,0,56.06
100,0.85,234,0,10.02
100,0.86,100,0,49.25
100,0.87,217,0,16.88
100,0.88,158,0,18.37
100,0.89,299,0,10.26
200,0.0,403,0,3.185
200,0.01,64,0,3.94
200,0.02,10,0,14.77
200,0.03,363,0,2.62
200,0.04,37,0,3.2
200,0.05,64,0,3.02
200,0.06,486,0,2.03
200,0.07,712,0,0.98
200,0.08,779,0,0.995
200,0.09,133,0,2.075
200,0.1,198,0,0.98
200,0.11,146,0,1.225
200,0.12,445,0,0.985
200,0.13,42,0,6.895
200,0.14,92,0,3.445
200,0.15,53,0,1.92
200,0.16,458,0,6.045
200,0.17,57,0,5.23
200,0.18,129,0,2.63
200,0.19,16,0,22.67
200,0.2,138,0,1.32
200,0.21,93,0,7.545
200,0.22,160,0,0.985
200,0.23,45,0,0.985
200,0.24,24,0,7.96
200,0.25,29,0,5.98
200,0.26,216,0,2.23
200,0.27,188,0,0.985
200,0.28,126,0,2.88
200,0.29,85,0,1.625
200,0.3,226,0,2.35
200,0.31,106,0,3.575
200,0.32,244,0,2.455
200,0.33,152,0,6.295
200,0.34,62,0,16.45
200,0.35,42,0,2.96
200,0.36,40,0,2.88
200,0.37,176,0,3.575
200,0.38,112,0,1.795
200,0.39,219,0,4.18
200,0.4,8,0,93.25
200,0.41,26,0,6.355
200,0.42,184,0,2.495
200,0.43,185,0,4.13
200,0.44,123,0,2.985
200,0.45,191,0,4.585
200,0.46,15,0,26.23
200,0.47,37,0,15.23
200,0.48,119,0,4.1
200,0.49,80,0,3.8
200,0.5,35,0,5.935
200,0.51,77,0,4.525
200,0.52,58,0,6.255
200,0.53,131,0,4.66
200,0.54,125,0,2.57
200,0.55,139,0,3.64
200,0.56,112,0,4.555
200,0.57,27,0,35.465
200,0.58,150,0,7.54
200,0.59,54,0,24.175
200,0.6,136,0,3.96
200,0.61,124,0,2.655
200,0.62,20,0,56.955
200,0.63,55,0,14.365
200,0.64,48,0,13.79
200,0.65,57,0,28.19
200,0.66,103,0,8.22
200,0.67,69,0,9.86
200,0.68,82,0,13.145
200,0.69,142,0,8.335
200,0.7,163,0,7.68
200,0.71,54,0,24.125
200,0.72,79,0,20.02
200,0.73,465,0,4.35
200,0.74,84,0,10.83
200,0.75,128,0,13.445
200,0.76,102,0,12.695
200,0.77,233,0,6.17
200,0.78,75,0,19.485
200,0.79,42,0,68.15
200,0.8,69,0,33.95
200,0.81,146,0,9.65
200,0.82,200,0,8.46
200,0.83,169,0,14.475
200,0.84,115,0,30.54
200,0.85,219,0,11.05
200,0.86,115,0,20.185
200,0.87,147,0,41.06
200,0.88,67,0,103.945
200,0.89,84,0,83.875
300,0.0,105,0,0.9833333333333333
300,0.01,3,0,84.79333333333334
300,0.02,763,0,0.9866666666666667
300,0.03,62,0,6.506666666666667
300,0.04,22,0,5.9
300,0.05,4,0,67.07
300,0.06,34,0,1.39
300,0.07,142,0,2.33
300,0.08,107,0,0.9833333333333333
300,0.09,432,0,2.6866666666666665
300,0.1,108,0,1.4466666666666668
300,0.11,4,0,85.90333333333334
300,0.12,108,0,1.1933333333333334
300,0.13,159,0,0.9966666666666667
300,0.14,191,0,1.0666666666666667
300,0.15,88,0,0.99
300,0.16,129,0,2.243333333333333
300,0.17,165,0,2.83
300,0.18,229,0,1.6366666666666667
300,0.19,139,0,1.3333333333333333
300,0.2,47,0,1.2133333333333334
300,0.21,6,0,61.81666666666667
300,0.22,112,0,1.4533333333333334
300,0.23,406,0,0.9866666666666667
300,0.24,15,0,8.06
300,0.25,37,0,1.4566666666666668
300,0.26,102,0,0.9933333333333333
300,0.27,147,0,2.5733333333333333
300,0.28,165,0,0.99
300,0.29,100,0,2.3833333333333333
300,0.3,51,0,3.7666666666666666
300,0.31,270,0,1.7233333333333334
300,0.32,310,0,1.8433333333333333
300,0.33,10,0,64.74666666666667
300,0.34,18,0,11.236666666666666
300,0.35,41,0,19.373333333333335
300,0.36,27,0,8.88
300,0.37,29,0,1.8366666666666667
300,0.38,22,0,7.086666666666667
300,0.39,39,0,4.2
300,0.4,27,0,9.23
300,0.41,20,0,17.92
300,0.42,58,0,4.926666666666667
300,0.43,35,0,4.793333333333333
300,0.44,61,0,8.06
300,0.45,37,0,2.6966666666666668
300,0.46,80,0,3.0933333333333333
300,0.47,152,0,3.066666666666667
300,0.48,27,0,22.99
300,0.49,54,0,4.363333333333333
300,0.5,51,0,4.66
300,0.51,142,0,2.533333333333333
300,0.52,39,0,11.173333333333334
300,0.53,72,0,3.1666666666666665
300,0.54,47,0,14.586666666666666
300,0.55,111,0,3.4433333333333334
300,0.56,88,0,4.376666666666667
300,0.57,138,0,1.96
300,0.58,23,0,35.79
300,0.59,7,0,179.58
300,0.6,41,0,19.373333333333335
300,0.61,24,0,41.63666666666666
300,0.62,27,0,47.406666666666666
300,0.63,78,0,4.093333333333334
300,0.64,70,0,5.69
300,0.65,174,0,4.3
300,0.66,59,0,6.296666666666667
300,0.67,80,0,15.203333333333333
300,0.68,67,0,12.043333333333333
300,0.69,17,0,134.92
300,0.7,34,0,89.32333333333334
300,0.71,79,0,9.156666666666666
300,0.72,121,0,4.616666666666666
300,0.73,36,0,59.083333333333336
300,0.74,104,0,9.173333333333334
300,0.75,78,0,12.99
300,0.76,78,0,16.333333333333332
300,0.77,50,0,33.343333333333334
300,0.78,40,0,58.266666666666666
300,0.79,83,0,22.81
300,0.8,75,0,28.016666666666666
300,0.81,69,0,53.88
300,0.82,41,0,96.49666666666667
300,0.83,34,0,110.85333333333334
300,0.84,60,0,68.32666666666667
300,0.85,62,0,60.96
300,0.86,63,0,60.53
300,0.87,119,0,20.67
300,0.88,122,0,34.77
300,0.89,104,0,59.473333333333336
400,0.0,37,0,0.9925
400,0.01,138,0,2.5225
400,0.02,134,0,1.155
400,0.03,75,0,2.7
400,0.04,45,0,2.37
400,0.05,149,0,1.0825
400,0.06,4,0,73.385
400,0.07,227,0,3.8625
400,0.08,24,0,7.995
400,0.09,4,0,76.7025
400,0.1,60,0,1.05
400,0.11,6,0,26.1625
400,0.12,5,0,73.6325
400,0.13,58,0,3.23
400,0.14,4,0,90.3925
400,0.15,67,0,1.4725
400,0.16,155,0,3.2175
400,0.17,28,0,1.165
400,0.18,4,0,120.635
400,0.19,60,0,2.76
400,0.2,43,0,2.8
400,0.21,23,0,3.7125
400,0.22,8,0,19.5675
400,0.23,6,0,79.055
400,0.24,20,0,3.5825
400,0.25,7,0,65.085
400,0.26,43,0,2.135
400,0.27,25,0,2.0325
400,0.28,41,0,3.3675
400,0.29,9,0,42.7675
400,0.3,52,0,3.3275
400,0.31,112,0,1.5725
400,0.32,76,0,2.6625
400,0.33,31,0,5.5425
400,0.34,15,0,24.7525
400,0.35,59,0,1.89
400,0.36,19,0,25.225
400,0.37,21,0,6.94
400,0.38,164,0,1.2975
400,0.39,92,0,2.9875
400,0.4,39,0,5.3
400,0.41,23,0,23.94
400,0.42,118,0,2.3775
400,0.43,16,0,44.745
400,0.44,100,0,3.4875
400,0.45,65,0,1.58
400,0.46,28,0,4.2125
400,0.47,27,0,10.315
400,0.48,141,0,2.545
400,0.49,7,0,169.245
400,0.5,162,0,2.335
400,0.51,13,0,74.0025
400,0.52,9,0,123.54
400,0.53,54,0,6.04
400,0.54,41,0,7.4175
400,0.55,45,0,7.6925
400,0.56,50,0,6.1375
400,0.57,31,0,12.6125
400,0.58,74,0,6.2725
400,0.59,69,0,3.0475
400,0.6,58,0,8.2325
400,0.61,25,0,46.7825
400,0.62,178,0,4.305
400,0.63,48,0,11.7975
400,0.64,65,0,4.6325
400,0.65,20,0,80.0075
400,0.66,13,0,142.73
400,0.67,57,0,8.1525
400,0.68,66,0,14.215
400,0.69,12,0,170.7525
400,0.7,113,0,6.635
400,0.71,107,0,6.975
400,0.72,76,0,5.95
400,0.73,49,0,19.9925
400,0.74,57,0,17.715
400,0.75,67,0,16.905
400,0.76,44,0,46.8375
400,0.77,52,0,27.99
400,0.78,81,0,16.615
400,0.79,65,0,33.895
400,0.8,37,0,93.64
400,0.81,75,0,25.7025
400,0.82,14,0,194.42
400,0.83,26,0,138.2525
400,0.84,36,0,135.935
400,0.85,48,0,91.6425
400,0.86,103,0,32.69
400,0.87,59,0,100.945
400,0.88,47,0,150.6175
400,0.89,99,0,52.89
500,0.0,3,0,88.674
500,0.01,3,0,92.528
500,0.02,25,0,0.988
500,0.03,30,0,0.994
500,0.04,215,0,1.258
500,0.05,79,0,1.23
500,0.06,58,0,3.06
500,0.07,23,0,0.992
500,0.08,179,0,1.542
500,0.09,62,0,0.984
500,0.1,51,0,1.224
500,0.11,4,0,79.334
500,0.12,30,0,2.31
500,0.13,7,0,29.696
500,0.14,12,0,8.794
500,0.15,260,0,1.116
500,0.16,8,0,16.898
500,0.17,49,0,1.796
500,0.18,13,0,14.648
500,0.19,133,0,1.19
500,0.2,85,0,2.434
500,0.21,39,0,7.018
500,0.22,17,0,5.226
500,0.23,38,0,3.386
500,0.24,7,0,67.898
500,0.25,28,0,1.238
500,0.26,28,0,1.566
500,0.27,6,0,92.26
500,0.28,6,0,102.622
500,0.29,114,0,3.28
500,0.3,16,0,6.028
500,0.31,14,0,18.714
500,0.32,25,0,3.668
500,0.33,8,0,68.794
500,0.34,12,0,17.372
500,0.35,109,0,3.188
500,0.36,4,0,173.004
500,0.37,22,0,4.626
500,0.38,7,0,109.436
500,0.39,42,0,2.416
500,0.4,16,0,25.504
500,0.41,50,0,1.724
500,0.42,20,0,14.408
500,0.43,38,0,2.782
500,0.44,6,0,149.604
500,0.45,16,0,25.926
500,0.46,184,0,4.05
500,0.47,89,0,5.01
500,0.48,34,0,5.272
500,0.49,31,0,4.472
500,0.5,15,0,56.678
500,0.51,35,0,11.996
500,0.52,14,0,95.706
500,0.53,22,0,25.716
500,0.54,13,0,100.396
500,0.55,39,0,6.932
500,0.56,61,0,5.412
500,0.57,40,0,4.664
500,0.58,68,0,6.198
500,0.59,29,0,27.848
500,0.6,21,0,57.714
500,0.61,54,0,8.478
500,0.62,41,0,14.098
500,0.63,21,0,69.21
500,0.64,61,0,5.846
500,0.65,12,0,161.34
500,0.66,31,0,47.084
500,0.67,29,0,44.304
500,0.68,15,0,124.146
500,0.69,67,0,12.49
500,0.7,14,0,153.878
500,0.71,14,0,155.014
500,0.72,56,0,11.926
500,0.73,50,0,22.922
500,0.74,42,0,48.054
500,0.75,21,0,126.426
500,0.76,19,0,136.234
500,0.77,46,0,52.084
500,0.78,17,0,163.362
500,0.79,59,0,34.33
500,0.8,64,0,51.802
500,0.81,48,0,54.376
500,0.82,91,0,31.822
500,0.83,85,0,30.236
500,0.84,61,0,64.038
500,0.85,56,0,71.26
500,0.86,87,0,55.118
500,0.87,93,0,41.092
500,0.88,35,0,174.806
500,0.89,128,0,45.88
600,0.0,160,0,0.9966666666666667
600,0.01,15,0,2.276666666666667
600,0.02,155,0,1.2966666666666666
600,0.03,49,0,1.9483333333333333
600,0.04,4,0,61.20666666666666
600,0.05,31,0,1.5283333333333333
600,0.06,38,0,2.3833333333333333
600,0.07,3,0,119.25666666666666
600,0.08,88,0,1.275
600,0.09,112,0,1.4066666666666667
600,0.1,37,0,6.98
600,0.11,6,0,33.458333333333336
600,0.12,61,0,1.5316666666666667
600,0.13,8,0,11.835
600,0.14,5,0,82.57
600,0.15,6,0,50.751666666666665
600,0.16,31,0,2.46
600,0.17,4,0,126.99833333333333
600,0.18,16,0,5.185
600,0.19,59,0,1.0266666666666666
600,0.2,9,0,21.846666666666668
600,0.21,34,0,2.5516666666666667
600,0.22,13,0,5.701666666666667
600,0.23,8,0,46.025
600,0.24,51,0,1.485
600,0.25,40,0,2.861666666666667
600,0.26,30,0,1.695
600,0.27,49,0,1.6566666666666667
600,0.28,7,0,58.595
600,0.29,7,0,79.67833333333333
600,0.3,6,0,93.92
600,0.31,81,0,1.9716666666666667
600,0.32,42,0,3.3866666666666667
600,0.33,7,0,93.69
600,0.34,13,0,18.211666666666666
600,0.35,21,0,10.036666666666667
600,0.36,33,0,13.091666666666667
600,0.37,12,0,39.01833333333333
600,0.38,7,0,113.43
600,0.39,25,0,6.6466666666666665
600,0.4,7,0,122.855
600,0.41,11,0,73.20666666666666
600,0.42,50,0,3.5516666666666667
600,0.43,8,0,126.38666666666667
600,0.44,5,0,172.27333333333334
600,0.45,9,0,102.34
600,0.46,38,0,6.618333333333333
600,0.47,22,0,16.105
600,0.48,53,0,5.4366666666666665
600,0.49,17,0,31.141666666666666
600,0.5,20,0,24.133333333333333
600,0.51,6,0,161.16333333333333
600,0.52,25,0,23.286666666666665
600,0.53,14,0,78.84833333333333
600,0.54,27,0,16.726666666666667
600,0.55,51,0,3.205
600,0.56,7,0,169.375
600,0.57,37,0,9.923333333333334
600,0.58,64,0,3.0166666666666666
600,0.59,39,0,14.891666666666667
600,0.6,23,0,42.026666666666664
600,0.61,16,0,83.31666666666666
600,0.62,18,0,81.47
600,0.63,13,0,115.925
600,0.64,13,0,129.83
600,0.65,79,0,6.203333333333333
600,0.66,21,0,79.09333333333333
600,0.67,7,0,202.63166666666666
600,0.68,36,0,37.88166666666667
600,0.69,26,0,66.61333333333333
600,0.7,16,0,160.35666666666665
600,0.71,9,0,187.74833333333333
600,0.72,10,0,185.09833333333333
600,0.73,51,0,27.713333333333335
600,0.74,40,0,54.45
600,0.75,21,0,131.78333333333333
600,0.76,45,0,40.175
600,0.77,46,0,60.42333333333333
600,0.78,21,0,142.18833333333333
600,0.79,50,0,46.16833333333334
600,0.8,56,0,44.89666666666667
600,0.81,34,0,101.405
600,0.82,29,0,129.54833333333335
600,0.83,60,0,56.69833333333333
600,0.84,50,0,91.87333333333333
600,0.85,6,0,235.16833333333332
600,0.86,108,0,33.67666666666667
600,0.87,47,0,110.37666666666667
600,0.88,82,0,57.065
600,0.89,126,0,33.39666666666667
700,0.0,21,0,1.4442857142857144
700,0.01,68,0,1.1528571428571428
700,0.02,4,0,54.15428571428571
700,0.03,41,0,1.4457142857142857
700,0.04,3,0,102.02714285714286
700,0.05,4,0,67.33
700,0.06,4,0,64.56571428571428
700,0.07,7,0,8.128571428571428
700,0.08,38,0,1.4257142857142857
700,0.09,44,0,1.4385714285714286
700,0.1,81,0,1.4942857142857142
700,0.11,4,0,98.73714285714286
700,0.12,58,0,1.3642857142857143
700,0.13,21,0,1.3928571428571428
700,0.14,34,0,3.357142857142857
700,0.15,72,0,3.047142857142857
700,0.16,11,0,3.882857142857143
700,0.17,21,0,5.5
700,0.18,6,0,58.30714285714286
700,0.19,17,0,1.8914285714285715
700,0.2,6,0,73.51714285714286
700,0.21,4,0,127.76285714285714
700,0.22,3,0,167.86714285714285
700,0.23,4,0,143.47714285714287
700,0.24,10,0,17.94857142857143
700,0.25,30,0,1.717142857142857
700,0.26,7,0,56.12
700,0.27,46,0,2.21
700,0.28,36,0,1.9885714285714287
700,0.29,21,0,1.997142857142857
700,0.3,7,0,83.48714285714286
700,0.31,18,0,5.501428571428572
700,0.32,9,0,56.878571428571426
700,0.33,9,0,58.70285714285714
700,0.34,37,0,2.757142857142857
700,0.35,7,0,92.28
700,0.36,45,0,3.2285714285714286
700,0.37,7,0,93.31285714285714
700,0.38,8,0,104.05714285714286
700,0.39,6,0,145.29285714285714
700,0.4,16,0,21.395714285714284
700,0.41,22,0,10.817142857142857
700,0.42,4,0,188.12571428571428
700,0.43,16,0,19.402857142857144
700,0.44,23,0,10.08
700,0.45,18,0,20.355714285714285
700,0.46,58,0,2.3842857142857143
700,0.47,6,0,155.37
700,0.48,11,0,78.89142857142858
700,0.49,10,0,108.68285714285715
700,0.5,15,0,52.58571428571429
700,0.51,15,0,66.28
700,0.52,91,0,5.12
700,0.53,19,0,41.004285714285714
700,0.54,10,0,122.00285714285714
700,0.55,10,0,133.08714285714285
700,0.56,11,0,119.28857142857143
700,0.57,21,0,40.34571428571429
700,0.58,8,0,152.97714285714287
700,0.59,9,0,159.84571428571428
700,0.6,12,0,117.69285714285714
700,0.61,89,0,6.884285714285714
700,0.62,27,0,39.78
700,0.63,26,0,35.64
700,0.64,13,0,133.56714285714287
700,0.65,11,0,157.85857142857142
700,0.66,19,0,106.21571428571428
700,0.67,30,0,52.50857142857143
700,0.68,38,0,25.361428571428572
700,0.69,56,0,13.504285714285714
700,0.7,31,0,60.02285714285714
700,0.71,17,0,126.90571428571428
700,0.72,46,0,36.17857142857143
700,0.73,23,0,113.65285714285714
700,0.74,24,0,108.13285714285715
700,0.75,60,0,24.877142857142857
700,0.76,60,0,24.72142857142857
700,0.77,37,0,63.13142857142857
700,0.78,55,0,36.63
700,0.79,74,0,25.424285714285713
700,0.8,54,0,58.425714285714285
700,0.81,72,0,22.582857142857144
700,0.82,35,0,112.84
700,0.83,44,0,108.33857142857143
700,0.84,23,0,168.4257142857143
700,0.85,46,0,109.03714285714285
700,0.86,61,0,71.62285714285714
700,0.87,68,0,85.56857142857143
700,0.88,74,0,85.87571428571428
700,0.89,35,0,173.00857142857143
800,0.0,3,0,90.93
800,0.01,4,0,50.82625
800,0.02,2,0,163.91375
800,0.03,5,0,20.0425
800,0.04,4,0,54.9325
800,0.05,5,0,32.2425
800,0.06,11,0,1.5775
800,0.07,4,0,66.43125
800,0.08,30,0,1.93125
800,0.09,3,0,130.82
800,0.1,26,0,1.5125
800,0.11,5,0,44.1075
800,0.12,12,0,1.29125
800,0.13,99,0,2.08875
800,0.14,13,0,6.51625
800,0.15,30,0,2.33125
800,0.16,3,0,161.005
800,0.17,8,0,22.37625
800,0.18,8,0,23.45375
800,0.19,4,0,117.82875
800,0.2,9,0,21.64875
800,0.21,5,0,87.58125
800,0.22,18,0,2.215
800,0.23,27,0,3.29
800,0.24,4,0,148.34625
800,0.25,6,0,85.43625
800,0.26,4,0,137.99375
800,0.27,112,0,2.79
800,0.28,5,0,127.315
800,0.29,9,0,50.29375
800,0.3,5,0,138.6275
800,0.31,10,0,40.43875
800,0.32,10,0,51.29875
800,0.33,9,0,68.74375
800,0.34,10,0,47.66
800,0.35,5,0,148.3625
800,0.36,16,0,12.8825
800,0.37,7,0,115.11375
800,0.38,21,0,7.90875
800,0.39,20,0,11.5025
800,0.4,18,0,12.1625
800,0.41,7,0,134.60625
800,0.42,32,0,4.5
800,0.43,6,0,140.51875
800,0.44,30,0,6.98125
800,0.45,9,0,109.58125
800,0.46,7,0,131.93625
800,0.47,42,0,6.7325
800,0.48,13,0,67.495
800,0.49,9,0,129.71
800,0.5,8,0,147.99125
800,0.51,45,0,6.2425
800,0.52,54,0,3.0325
800,0.53,32,0,7.36125
800,0.54,61,0,2.7175
800,0.55,10,0,127.83125
800,0.56,11,0,118.795
800,0.57,63,0,3.9075
800,0.58,14,0,113.98
800,0.59,23,0,43.6825
800,0.6,12,0,125.69875
800,0.61,18,0,74.57375
800,0.62,17,0,88.9425
800,0.63,29,0,29.69
800,0.64,30,0,27.21125
800,0.65,28,0,31.88
800,0.66,34,0,28.3525
800,0.67,44,0,17.9975
800,0.68,44,0,12.9675
800,0.69,26,0,58.73375
800,0.7,34,0,39.9725
800,0.71,36,0,36.6475
800,0.72,41,0,35.59625
800,0.73,33,0,53.9425
800,0.74,41,0,42.615
800,0.75,30,0,75.84875
800,0.76,54,0,33.71375
800,0.77,19,0,149.3
800,0.78,53,0,50.925
800,0.79,23,0,147.7825
800,0.8,37,0,98.78375
800,0.81,30,0,118.2675
800,0.82,28,0,140.2525
800,0.83,30,0,130.73625
800,0.84,46,0,88.285
800,0.85,36,0,132.29875
800,0.86,51,0,102.3575
800,0.87,63,0,79.83875
800,0.88,21,0,192.18
800,0.89,97,0,59.77
900,0.0,4,0,40.727777777777774
900,0.01,4,0,52.46
900,0.02,17,0,4.075555555555556
900,0.03,102,0,1.2677777777777777
900,0.04,3,0,106.63555555555556
900,0.05,4,0,66.58888888888889
900,0.06,4,0,67.42555555555556
900,0.07,4,0,66.22666666666667
900,0.08,5,0,43.50111111111111
900,0.09,7,0,12.857777777777779
900,0.1,31,0,1.681111111111111
900,0.11,13,0,3.2466666666666666
900,0.12,75,0,1.36
900,0.13,8,0,11.62111111111111
900,0.14,34,0,1.1233333333333333
900,0.15,5,0,65.8488888888889
900,0.16,7,0,28.412222222222223
900,0.17,7,0,43.03333333333333
900,0.18,3,0,164.80777777777777
900,0.19,19,0,1.7177777777777778
900,0.2,5,0,101.16888888888889
900,0.21,3,0,174.70888888888888
900,0.22,4,0,133.49
900,0.23,13,0,8.355555555555556
900,0.24,6,0,70.53
900,0.25,44,0,2.0366666666666666
900,0.26,7,0,63.74333333333333
900,0.27,16,0,5.064444444444445
900,0.28,14,0,9.143333333333333
900,0.29,7,0,81.48333333333333
900,0.3,9,0,47.983333333333334
900,0.31,17,0,8.027777777777779
900,0.32,7,0,91.36111111111111
900,0.33,5,0,125.21555555555555
900,0.34,10,0,55.614444444444445
900,0.35,14,0,18.154444444444444
900,0.36,31,0,2.628888888888889
900,0.37,12,0,31.233333333333334
900,0.38,7,0,111.44555555555556
900,0.39,8,0,91.71333333333334
900,0.4,9,0,77.92222222222222
900,0.41,8,0,103.98555555555555
900,0.42,7,0,125.95333333333333
900,0.43,10,0,73.75666666666666
900,0.44,10,0,78.85666666666667
900,0.45,11,0,68.42888888888889
900,0.46,8,0,113.98666666666666
900,0.47,8,0,135.58666666666667
900,0.48,20,0,24.682222222222222
900,0.49,18,0,29.801111111111112
900,0.5,10,0,112.66666666666667
900,0.51,39,0,3.1
900,0.52,55,0,3.3433333333333333
900,0.53,31,0,19.303333333333335
900,0.54,5,0,192.33666666666667
900,0.55,16,0,60.56666666666667
900,0.56,11,0,137.04444444444445
900,0.57,9,0,148.48777777777778
900,0.58,12,0,127.2
900,0.59,6,0,180.8111111111111
900,0.6,17,0,72.5411111111111
900,0.61,53,0,9.665555555555555
900,0.62,38,0,13.46888888888889
900,0.63,66,0,4.9222222222222225
900,0.64,26,0,43.57111111111111
900,0.65,86,0,5.825555555555556
900,0.66,20,0,82.93555555555555
900,0.67,13,0,139.74666666666667
900,0.68,24,0,80.45444444444445
900,0.69,22,0,87.72888888888889
900,0.7,44,0,27.066666666666666
900,0.71,19,0,109.74666666666667
900,0.72,46,0,33.25888888888889
900,0.73,16,0,144.27666666666667
900,0.74,52,0,21.653333333333332
900,0.75,65,0,21.538888888888888
900,0.76,32,0,86.38666666666667
900,0.77,27,0,109.99777777777778
900,0.78,16,0,171.99
900,0.79,3,0,240.1911111111111
900,0.8,73,0,23.177777777777777
900,0.81,63,0,50.11333333333334
900,0.82,52,0,60.65222222222222
900,0.83,64,0,45.33
900,0.84,90,0,32.88333333333333
900,0.85,56,0,84.72555555555556
900,0.86,43,0,123.41555555555556
900,0.87,42,0,131.03555555555556
900,0.88,70,0,85.25111111111111
900,0.89,53,0,131.42555555555555
1000,0.0,260,0,1.47
1000,0.01,162,0,1.558
1000,0.02,4,0,56.792
1000,0.03,4,0,56.612
1000,0.04,5,0,23.656
1000,0.05,3,0,112.012
1000,0.06,26,0,1.284
1000,0.07,3,0,117.161
1000,0.08,7,0,15.72
1000,0.09,55,0,1.399
1000,0.1,3,0,133.215
1000,0.11,5,0,58.246
1000,0.12,34,0,1.718
1000,0.13,5,0,69.743
1000,0.14,5,0,68.956
1000,0.15,18,0,6.747
1000,0.16,3,0,155.306
1000,0.17,9,0,12.888
1000,0.18,6,0,59.337
1000,0.19,32,0,2.031
1000,0.2,6,0,59.085
1000,0.21,3,0,165.931
1000,0.22,18,0,2.795
1000,0.23,6,0,79.464
1000,0.24,7,0,60.071
1000,0.25,4,0,141.405
1000,0.26,28,0,3.152
1000,0.27,8,0,57.729
1000,0.28,8,0,50.33
1000,0.29,6,0,112.778
1000,0.3,7,0,87.387
1000,0.31,11,0,28.685
1000,0.32,13,0,18.277
1000,0.33,7,0,94.076
1000,0.34,7,0,98.455
1000,0.35,6,0,124.983
1000,0.36,9,0,57.655
1000,0.37,10,0,76.087
1000,0.38,8,0,97.148
1000,0.39,12,0,39.357
1000,0.4,9,0,91.273
1000,0.41,9,0,94.287
1000,0.42,32,0,5.42
1000,0.43,9,0,98.66
1000,0.44,10,0,82.606
1000,0.45,15,0,34.235
1000,0.46,26,0,8.784
1000,0.47,44,0,4.122
1000,0.48,11,0,87.657
1000,0.49,8,0,134.575
1000,0.5,16,0,45.278
1000,0.51,17,0,49.424
1000,0.52,10,0,123.807
1000,0.53,17,0,54.417
1000,0.54,16,0,55.957
1000,0.55,62,0,5.209
1000,0.56,25,0,20.011
1000,0.57,12,0,113.234
1000,0.58,14,0,99.448
1000,0.59,35,0,16.835
1000,0.6,5,0,209.992
1000,0.61,32,0,20.309
1000,0.62,8,0,176.142
1000,0.63,12,0,136.036
1000,0.64,23,0,50.316
1000,0.65,8,0,179.896
1000,0.66,48,0,14.796
1000,0.67,29,0,57.693
1000,0.68,10,0,180.031
1000,0.69,30,0,60.597
1000,0.7,20,0,98.926
1000,0.71,23,0,93.522
1000,0.72,6,0,222.641
1000,0.73,26,0,90.841
1000,0.74,19,0,132.638
1000,0.75,40,0,58.359
1000,0.76,12,0,188.59
1000,0.77,11,0,199.226
1000,0.78,24,0,131.45
1000,0.79,41,0,66.555
1000,0.8,54,0,41.582
1000,0.81,52,0,59.007
1000,0.82,48,0,71.136
1000,0.83,58,0,67.314
1000,0.84,38,0,116.537
1000,0.85,80,0,44.409
1000,0.86,58,0,91.502
1000,0.87,54,0,111.661
1000,0.88,62,0,79.154
1000,0.89,69,0,93.378
2000,0.0,5,0,15.238
2000,0.01,3,0,88.3705
2000,0.02,3,0,97.936
2000,0.03,4,0,59.882
2000,0.04,4,0,61.486
2000,0.05,3,0,113.065
2000,0.06,5,0,32.5375
2000,0.07,4,0,73.1865
2000,0.08,3,0,132.4945
2000,0.09,3,0,129.9145
2000,0.1,4,0,82.8925
2000,0.11,5,0,57.22
2000,0.12,4,0,92.6065
2000,0.13,9,0,11.059
2000,0.14,5,0,81.263
2000,0.15,5,0,73.8765
2000,0.16,4,0,106.7285
2000,0.17,5,0,83.379
2000,0.18,4,0,116.082
2000,0.19,7,0,47.2915
2000,0.2,6,0,74.1045
2000,0.21,6,0,68.3755
2000,0.22,4,0,138.111
2000,0.23,3,0,169.9415
2000,0.24,3,0,175.871
2000,0.25,5,0,113.0985
2000,0.26,5,0,114.592
2000,0.27,5,0,121.929
2000,0.28,16,0,6.1385
2000,0.29,5,0,131.934
2000,0.3,7,0,78.7965
2000,0.31,5,0,132.896
2000,0.32,6,0,123.0415
2000,0.33,6,0,114.231
2000,0.34,6,0,119.5005
2000,0.35,4,0,175.5115
2000,0.36,7,0,109.651
2000,0.37,10,0,52.376
2000,0.38,6,0,136.393
2000,0.39,9,0,85.527
2000,0.4,3,0,205.7045
2000,0.41,7,0,120.022
2000,0.42,5,0,165.0695
2000,0.43,5,0,166.559
2000,0.44,7,0,133.7105
2000,0.45,7,0,132.0755
2000,0.46,12,0,75.043
2000,0.47,5,0,172.2005
2000,0.48,6,0,167.351
2000,0.49,9,0,123.055
2000,0.5,10,0,113.6165
2000,0.51,5,0,181.474
2000,0.52,12,0,92.5395
2000,0.53,6,0,183.341
2000,0.54,11,0,112.099
2000,0.55,12,0,105.7525
2000,0.56,12,0,111.0335
2000,0.57,12,0,112.158
2000,0.58,9,0,149.6695
2000,0.59,19,0,58.451
2000,0.6,15,0,95.1675
2000,0.61,12,0,130.405
2000,0.62,11,0,142.2955
2000,0.63,13,0,132.2205
2000,0.64,6,0,202.356
2000,0.65,13,0,140.0965
2000,0.66,9,0,182.291
2000,0.67,1,0,249.3685
2000,0.68,18,0,102.4925
2000,0.69,12,0,159.864
2000,0.7,23,0,96.591
2000,0.71,16,0,139.6855
2000,0.72,30,0,65.9205
2000,0.73,23,0,104.6915
2000,0.74,21,0,120.783
2000,0.75,29,0,91.422
2000,0.76,12,0,181.448
2000,0.77,31,0,90.721
2000,0.78,31,0,100.937
2000,0.79,20,0,154.2795
2000,0.8,32,0,116.0435
2000,0.81,35,0,105.6895
2000,0.82,36,0,118.461
2000,0.83,21,0,176.468
2000,0.84,46,0,96.886
2000,0.85,31,0,146.733
2000,0.86,27,0,164.6325
2000,0.87,39,0,143.947
2000,0.88,37,0,151.198
2000,0.89,85,0,80.288
3000,0.0,4,0,41.230666666666664
3000,0.01,4,0,46.279666666666664
3000,0.02,3,0,98.00733333333334
3000,0.03,2,0,165.63066666666666
3000,0.04,3,0,104.57866666666666
3000,0.05,4,0,61.525333333333336
3000,0.06,4,0,71.21233333333333
3000,0.07,5,0,41.666666666666664
3000,0.08,4,0,84.55866666666667
3000,0.09,3,0,126.93666666666667
3000,0.1,4,0,93.71666666666667
3000,0.11,4,0,94.03266666666667
3000,0.12,5,0,67.89966666666666
3000,0.13,4,0,108.12933333333334
3000,0.14,4,0,106.76833333333333
3000,0.15,4,0,116.18433333333333
3000,0.16,4,0,117.053
3000,0.17,4,0,116.65933333333334
3000,0.18,4,0,119.54033333333334
3000,0.19,6,0,62.467333333333336
3000,0.2,5,0,94.48566666666666
3000,0.21,4,0,128.60133333333334
3000,0.22,5,0,109.59266666666667
3000,0.23,8,0,39.942
3000,0.24,3,0,178.45466666666667
3000,0.25,3,0,183.19966666666667
3000,0.26,5,0,117.69333333333333
3000,0.27,6,0,101.69266666666667
3000,0.28,6,0,95.435
3000,0.29,5,0,131.40566666666666
3000,0.3,5,0,133.389
3000,0.31,4,0,169.25333333333333
3000,0.32,7,0,91.46666666666667
3000,0.33,5,0,136.94533333333334
3000,0.34,4,0,176.04666666666665
3000,0.35,7,0,104.63566666666667
3000,0.36,7,0,104.74266666666666
3000,0.37,4,0,178.99666666666667
3000,0.38,4,0,179.28533333333334
3000,0.39,3,0,202.698
3000,0.4,8,0,103.16766666666666
3000,0.41,10,0,74.89366666666666
3000,0.42,7,0,134.25666666666666
3000,0.43,8,0,110.26466666666667
3000,0.44,6,0,153.11366666666666
3000,0.45,7,0,139.41566666666668
3000,0.46,10,0,93.47733333333333
3000,0.47,6,0,164.55
3000,0.48,6,0,163.21366666666665
3000,0.49,6,0,165.42166666666665
3000,0.5,6,0,164.90766666666667
3000,0.51,7,0,162.55
3000,0.52,6,0,177.34666666666666
3000,0.53,8,0,153.73366666666666
3000,0.54,7,0,163.31066666666666
3000,0.55,9,0,143.77866666666668
3000,0.56,5,0,197.348
3000,0.57,4,0,216.86933333333334
3000,0.58,14,0,99.21066666666667
3000,0.59,13,0,110.47433333333333
3000,0.6,17,0,88.41566666666667
3000,0.61,12,0,129.26066666666668
3000,0.62,8,0,169.08366666666666
3000,0.63,15,0,105.826
3000,0.64,13,0,133.07833333333335
3000,0.65,4,0,223.36133333333333
3000,0.66,9,0,173.59633333333332
3000,0.67,13,0,146.413
3000,0.68,9,0,182.62466666666666
3000,0.69,17,0,125.715
3000,0.7,13,0,156.79066666666668
3000,0.71,9,0,190.148
3000,0.72,18,0,129.22733333333332
3000,0.73,16,0,148.668
3000,0.74,22,0,112.59
3000,0.75,18,0,146.26433333333333
3000,0.76,38,0,69.32366666666667
3000,0.77,11,0,195.02266666666668
3000,0.78,30,0,103.06666666666666
3000,0.79,23,0,138.21933333333334
3000,0.8,14,0,188.74133333333333
3000,0.81,15,0,194.124
3000,0.82,13,0,202.70733333333334
3000,0.83,28,0,141.48966666666666
3000,0.84,35,0,117.99733333333333
3000,0.85,20,0,183.86333333333334
3000,0.86,44,0,115.992
3000,0.87,30,0,162.02266666666668
3000,0.88,25,0,185.339
3000,0.89,35,0,168.61966666666666
4000,0.0,3,0,84.734
4000,0.01,3,0,90.189
4000,0.02,3,0,96.49275
4000,0.03,3,0,102.146
4000,0.04,3,0,111.379
4000,0.05,3,0,109.06275
4000,0.06,3,0,114.61625
4000,0.07,4,0,72.13325
4000,0.08,4,0,79.778
4000,0.09,4,0,79.27425
4000,0.1,4,0,87.79275
4000,0.11,3,0,135.2725
4000,0.12,4,0,102.71325
4000,0.13,3,0,144.3145
4000,0.14,4,0,104.07825
4000,0.15,4,0,113.81075
4000,0.16,4,0,112.39425
4000,0.17,4,0,118.26825
4000,0.18,5,0,84.90825
4000,0.19,4,0,121.761
4000,0.2,3,0,162.66125
4000,0.21,5,0,96.18675
4000,0.22,4,0,140.61725
4000,0.23,6,0,80.45725
4000,0.24,5,0,108.09425
4000,0.25,5,0,120.52275
4000,0.26,4,0,149.47625
4000,0.27,3,0,183.80925
4000,0.28,6,0,97.81075
4000,0.29,5,0,132.1815
4000,0.3,5,0,129.531
4000,0.31,5,0,136.01325
4000,0.32,5,0,136.04925
4000,0.33,7,0,102.849
4000,0.34,5,0,148.22275
4000,0.35,4,0,175.401
4000,0.36,3,0,200.254
4000,0.37,7,0,109.333
4000,0.38,5,0,155.55925
4000,0.39,8,0,97.336
4000,0.4,2,0,229.62775
4000,0.41,7,0,122.48025
4000,0.42,7,0,127.3525
4000,0.43,6,0,147.918
4000,0.44,5,0,172.86525
4000,0.45,7,0,138.9165
4000,0.46,7,0,142.44425
4000,0.47,8,0,120.82625
4000,0.48,12,0,82.04275
4000,0.49,9,0,123.51125
4000,0.5,9,0,122.82025
4000,0.51,7,0,158.345
4000,0.52,8,0,143.13075
4000,0.53,12,0,93.133
4000,0.54,11,0,116.5815
4000,0.55,7,0,171.6185
4000,0.56,11,0,116.939
4000,0.57,11,0,129.8545
4000,0.58,10,0,137.9825
4000,0.59,3,0,230.4135
4000,0.6,7,0,180.84
4000,0.61,12,0,132.65725
4000,0.62,13,0,127.349
4000,0.63,12,0,142.44825
4000,0.64,11,0,149.77825
4000,0.65,7,0,194.00625
4000,0.66,14,0,136.244
4000,0.67,14,0,136.8925
4000,0.68,11,0,166.634
4000,0.69,22,0,84.88325
4000,0.7,15,0,145.03225
4000,0.71,15,0,147.822
4000,0.72,17,0,138.50475
4000,0.73,1,0,253.158
4000,0.74,13,0,175.41425
4000,0.75,16,0,161.48175
4000,0.76,22,0,130.05075
4000,0.77,15,0,175.19525
4000,0.78,24,0,136.864
4000,0.79,17,0,169.59825
4000,0.8,21,0,155.869
4000,0.81,33,0,110.561
4000,0.82,23,0,156.86775
4000,0.83,22,0,163.0535
4000,0.84,27,0,153.3
4000,0.85,21,0,180.16525
4000,0.86,37,0,141.73025
4000,0.87,36,0,150.39225
4000,0.88,27,0,184.13425
4000,0.89,51,0,137.49825
5000,0.0,3,0,86.5898
5000,0.01,2,0,159.7816
5000,0.02,4,0,51.7932
5000,0.03,4,0,56.1864
5000,0.04,4,0,59.7768
5000,0.05,4,0,63.9444
5000,0.06,3,0,116.8612
5000,0.07,4,0,73.4594
5000,0.08,4,0,79.7546
5000,0.09,3,0,128.0842
5000,0.1,4,0,87.0286
5000,0.11,3,0,136.1478
5000,0.12,4,0,100.977
5000,0.13,4,0,101.4786
5000,0.14,3,0,150.6958
5000,0.15,4,0,109.625
5000,0.16,4,0,111.5786
5000,0.17,3,0,158.7362
5000,0.18,4,0,122.6054
5000,0.19,2,0,207.3942
5000,0.2,5,0,96.1624
5000,0.21,4,0,132.7366
5000,0.22,4,0,134.2352
5000,0.23,3,0,174.557
5000,0.24,5,0,109.6744
5000,0.25,1,0,250.7964
5000,0.26,4,0,149.2456
5000,0.27,6,0,90.0574
5000,0.28,5,0,123.9546
5000,0.29,4,0,155.957
5000,0.3,3,0,192.4406
5000,0.31,6,0,113.5012
5000,0.32,1,0,253.0176
5000,0.33,3,0,196.5296
5000,0.34,7,0,99.5764
5000,0.35,6,0,126.2082
5000,0.36,5,0,152.0658
5000,0.37,4,0,178.2928
5000,0.38,7,0,116.4486
5000,0.39,6,0,134.8886
5000,0.4,5,0,166.4444
5000,0.41,6,0,144.5118
5000,0.42,1,0,252.5356
5000,0.43,5,0,169.0822
5000,0.44,8,0,116.531
5000,0.45,8,0,122.7376
5000,0.46,8,0,125.7398
5000,0.47,9,0,119.2516
5000,0.48,7,0,146.4884
5000,0.49,6,0,166.376
5000,0.5,9,0,125.0136
5000,0.51,8,0,141.2622
5000,0.52,6,0,175.5282
5000,0.53,5,0,189.096
5000,0.54,5,0,194.9498
5000,0.55,11,0,119.2634
5000,0.56,11,0,119.6664
5000,0.57,6,0,186.1502
5000,0.58,7,0,174.3276
5000,0.59,11,0,131.2978
5000,0.6,12,0,124.976
5000,0.61,11,0,138.6578
5000,0.62,6,0,197.5816
5000,0.63,11,0,149.0686
5000,0.64,12,0,142.6158
5000,0.65,8,0,182.6556
5000,0.66,9,0,177.1408
5000,0.67,8,0,189.3996
5000,0.68,1,0,253.8492
5000,0.69,10,0,177.784
5000,0.7,9,0,189.7754
5000,0.71,16,0,141.3512
5000,0.72,18,0,134.1118
5000,0.73,17,0,140.6842
5000,0.74,16,0,153.5334
5000,0.75,21,0,124.1824
5000,0.76,21,0,132.1304
5000,0.77,23,0,125.7916
5000,0.78,22,0,138.2842
5000,0.79,14,0,187.1796
5000,0.8,11,0,205.5608
5000,0.81,18,0,175.426
5000,0.82,27,0,141.3728
5000,0.83,34,0,123.9134
5000,0.84,29,0,152.3222
5000,0.85,18,0,191.5642
5000,0.86,22,0,189.1866
5000,0.87,32,0,160.4662
5000,0.88,35,0,156.7276
5000,0.89,52,0,133.4442
6000,0.0,3,0,84.8735
6000,0.01,2,0,157.34216666666666
6000,0.02,3,0,95.37466666666667
6000,0.03,3,0,105.08833333333334
6000,0.04,3,0,108.5135
6000,0.05,3,0,110.3005
6000,0.06,4,0,71.19866666666667
6000,0.07,4,0,75.81916666666666
6000,0.08,3,0,127.892
6000,0.09,3,0,131.40233333333333
6000,0.1,2,0,186.483
6000,0.11,4,0,91.41733333333333
6000,0.12,4,0,97.17683333333333
6000,0.13,3,0,147.87783333333334
6000,0.14,4,0,103.04366666666667
6000,0.15,5,0,73.56766666666667
6000,0.16,5,0,80.06383333333333
6000,0.17,4,0,120.16933333333333
6000,0.18,4,0,118.44816666666667
6000,0.19,4,0,127.12016666666666
6000,0.2,5,0,99.20316666666666
6000,0.21,5,0,100.30733333333333
6000,0.22,5,0,104.70433333333334
6000,0.23,4,0,142.96783333333335
6000,0.24,4,0,143.3555
6000,0.25,3,0,176.781
6000,0.26,5,0,116.52233333333334
6000,0.27,5,0,123.27883333333334
6000,0.28,3,0,189.224
6000,0.29,5,0,129.05616666666666
6000,0.3,5,0,135.14766666666668
6000,0.31,6,0,108.85916666666667
6000,0.32,6,0,113.044
6000,0.33,6,0,118.50283333333333
6000,0.34,4,0,169.22633333333334
6000,0.35,5,0,147.93783333333334
6000,0.36,5,0,153.74033333333333
6000,0.37,7,0,111.75133333333333
6000,0.38,4,0,180.013
6000,0.39,5,0,160.1285
6000,0.4,7,0,122.0685
6000,0.41,6,0,147.061
6000,0.42,7,0,120.9215
6000,0.43,6,0,152.88733333333334
6000,0.44,7,0,137.67316666666667
6000,0.45,6,0,154.10666666666665
6000,0.46,5,0,175.39783333333332
6000,0.47,4,0,199.99066666666667
6000,0.48,8,0,135.35916666666665
6000,0.49,7,0,150.75216666666665
6000,0.5,5,0,187.85116666666667
6000,0.51,5,0,186.72733333333332
6000,0.52,7,0,157.686
6000,0.53,5,0,196.61433333333332
6000,0.54,8,0,151.22483333333332
6000,0.55,5,0,193.13066666666666
6000,0.56,12,0,107.524
6000,0.57,6,0,187.321
6000,0.58,6,0,192.6175
6000,0.59,11,0,132.57633333333334
6000,0.6,8,0,169.52416666666667
6000,0.61,11,0,138.14366666666666
6000,0.62,9,0,163.09866666666667
6000,0.63,8,0,179.4515
6000,0.64,3,0,232.79216666666667
6000,0.65,11,0,158.40966666666668
6000,0.66,7,0,195.8965
6000,0.67,10,0,166.30833333333334
6000,0.68,14,0,144.889
6000,0.69,10,0,175.37266666666667
6000,0.7,16,0,135.65833333333333
6000,0.71,11,0,177.36033333333333
6000,0.72,15,0,152.85866666666666
6000,0.73,12,0,177.69433333333333
6000,0.74,14,0,166.2705
6000,0.75,13,0,176.8405
6000,0.76,15,0,173.10583333333332
6000,0.77,19,0,146.216
6000,0.78,16,0,173.3045
6000,0.79,12,0,193.37566666666666
6000,0.8,7,0,222.156
6000,0.81,26,0,135.58766666666668
6000,0.82,26,0,144.19083333333333
6000,0.83,17,0,191.14033333333333
6000,0.84,29,0,145.06116666666668
6000,0.85,33,0,141.922
6000,0.86,13,0,215.50016666666667
6000,0.87,34,0,153.97483333333332
6000,0.88,43,0,137.94166666666666
6000,0.89,27,0,193.03216666666665
7000,0.0,3,0,85.41914285714286
7000,0.01,3,0,89.573
7000,0.02,4,0,50.307
7000,0.03,2,0,167.43442857142858
7000,0.04,3,0,106.57285714285715
7000,0.05,4,0,64.554
7000,0.06,3,0,117.00757142857142
7000,0.07,3,0,119.55814285714285
7000,0.08,3,0,125.21
7000,0.09,3,0,128.04985714285715
7000,0.1,4,0,91.94285714285714
7000,0.11,3,0,135.81985714285713
7000,0.12,4,0,96.12642857142858
7000,0.13,4,0,102.28942857142857
7000,0.14,3,0,146.41785714285714
7000,0.15,4,0,112.91185714285714
7000,0.16,3,0,152.7532857142857
7000,0.17,4,0,117.28728571428572
7000,0.18,4,0,124.43342857142858
7000,0.19,4,0,121.69614285714286
7000,0.2,3,0,168.39228571428572
7000,0.21,4,0,135.70914285714287
7000,0.22,3,0,172.27114285714285
7000,0.23,5,0,103.26057142857142
7000,0.24,3,0,178.58685714285716
7000,0.25,4,0,144.85057142857144
7000,0.26,5,0,118.56742857142856
7000,0.27,5,0,124.77071428571429
7000,0.28,6,0,97.42342857142857
7000,0.29,3,0,189.26042857142858
7000,0.3,6,0,106.15414285714286
7000,0.31,5,0,137.04242857142856
7000,0.32,5,0,137.45257142857142
7000,0.33,6,0,117.878
7000,0.34,4,0,172.30928571428572
7000,0.35,6,0,130.24642857142857
7000,0.36,7,0,107.50371428571428
7000,0.37,6,0,132.02114285714285
7000,0.38,3,0,202.21371428571427
7000,0.39,8,0,99.27028571428572
7000,0.4,6,0,142.07828571428573
7000,0.41,6,0,147.32414285714285
7000,0.42,7,0,133.4502857142857
7000,0.43,4,0,188.49828571428571
7000,0.44,5,0,174.69557142857144
7000,0.45,4,0,193.905
7000,0.46,6,0,161.48171428571428
7000,0.47,6,0,161.974
7000,0.48,9,0,117.88942857142857
7000,0.49,8,0,133.38985714285715
7000,0.5,8,0,138.08928571428572
7000,0.51,6,0,174.6092857142857
7000,0.52,6,0,173.19885714285715
7000,0.53,7,0,163.105
7000,0.54,5,0,193.483
7000,0.55,5,0,196.86942857142859
7000,0.56,10,0,131.67285714285714
7000,0.57,10,0,137.7937142857143
7000,0.58,10,0,136.7827142857143
7000,0.59,10,0,141.48214285714286
7000,0.6,9,0,157.69085714285714
7000,0.61,10,0,151.64928571428572
7000,0.62,8,0,173.22285714285715
7000,0.63,11,0,148.37428571428572
7000,0.64,8,0,183.61642857142857
7000,0.65,12,0,145.01228571428572
7000,0.66,12,0,154.54942857142856
7000,0.67,8,0,188.74385714285714
7000,0.68,11,0,166.5207142857143
7000,0.69,14,0,148.074
7000,0.7,14,0,149.09071428571428
7000,0.71,7,0,206.78357142857143
7000,0.72,1,0,252.73171428571428
7000,0.73,13,0,168.09428571428572
7000,0.74,13,0,174.49557142857142
7000,0.75,17,0,151.537
7000,0.76,25,0,115.02785714285714
7000,0.77,13,0,182.0152857142857
7000,0.78,13,0,185.744
7000,0.79,16,0,176.16457142857143
7000,0.8,10,0,204.48885714285714
7000,0.81,25,0,148.05614285714285
7000,0.82,7,0,228.00471428571427
7000,0.83,26,0,151.42814285714286
7000,0.84,26,0,159.0797142857143
7000,0.85,17,0,196.90085714285715
7000,0.86,18,0,197.26914285714287
7000,0.87,37,0,145.784
7000,0.88,31,0,170.32314285714287
7000,0.89,43,0,147.23385714285715
8000,0.0,3,0,85.481
8000,0.01,3,0,91.317875
8000,0.02,2,0,165.068875
8000,0.03,3,0,100.82025
8000,0.04,3,0,106.58825
8000,0.05,3,0,109.009875
8000,0.06,3,0,117.22575
8000,0.07,3,0,121.55375
8000,0.08,3,0,124.00375
8000,0.09,2,0,188.47125
8000,0.1,3,0,136.2535
8000,0.11,2,0,190.0355
8000,0.12,4,0,101.725375
8000,0.13,4,0,102.207
8000,0.14,3,0,148.656875
8000,0.15,4,0,109.58725
8000,0.16,4,0,116.3505
8000,0.17,4,0,121.2135
8000,0.18,3,0,156.318125
8000,0.19,4,0,124.212875
8000,0.2,3,0,165.398625
8000,0.21,2,0,208.443
8000,0.22,3,0,172.60675
8000,0.23,3,0,173.939125
8000,0.24,4,0,141.3245
8000,0.25,2,0,214.199125
8000,0.26,4,0,148.634375
8000,0.27,5,0,123.8465
8000,0.28,6,0,97.776375
8000,0.29,4,0,153.7415
8000,0.3,6,0,109.583
8000,0.31,3,0,190.366375
8000,0.32,3,0,195.17675
8000,0.33,6,0,119.232625
8000,0.34,5,0,146.8785
8000,0.35,4,0,173.995875
8000,0.36,5,0,152.973125
8000,0.37,4,0,176.666
8000,0.38,8,0,100.9405
8000,0.39,7,0,120.691625
8000,0.4,5,0,160.05075
8000,0.41,7,0,126.86125
8000,0.42,6,0,146.774
8000,0.43,7,0,132.30075
8000,0.44,6,0,153.548375
8000,0.45,8,0,117.4415
8000,0.46,5,0,178.603125
8000,0.47,8,0,129.03475
8000,0.48,7,0,154.76
8000,0.49,9,0,116.08925
8000,0.5,1,0,253.635375
8000,0.51,9,0,126.961
8000,0.52,9,0,127.512875
8000,0.53,8,0,147.856875
8000,0.54,5,0,193.878875
8000,0.55,7,0,167.262125
8000,0.56,4,0,211.586125
8000,0.57,8,0,157.747375
8000,0.58,6,0,187.89875
8000,0.59,9,0,156.227
8000,0.6,6,0,191.436125
8000,0.61,10,0,150.585625
8000,0.62,10,0,153.368375
8000,0.63,9,0,169.756625
8000,0.64,12,0,143.11975
8000,0.65,11,0,156.913625
8000,0.66,9,0,176.609875
8000,0.67,6,0,207.037
8000,0.68,9,0,185.223625
8000,0.69,4,0,227.74225
8000,0.7,13,0,155.422625
8000,0.71,15,0,142.451625
8000,0.72,12,0,173.238625
8000,0.73,19,0,127.62225
8000,0.74,16,0,152.060875
8000,0.75,18,0,143.263625
8000,0.76,17,0,155.58025
8000,0.77,19,0,149.38975
8000,0.78,8,0,213.004875
8000,0.79,18,0,166.61675
8000,0.8,12,0,195.88875
8000,0.81,13,0,199.81525
8000,0.82,18,0,177.595625
8000,0.83,25,0,158.6855
8000,0.84,22,0,172.7
8000,0.85,18,0,190.606625
8000,0.86,27,0,166.39975
8000,0.87,10,0,226.9545
8000,0.88,35,0,158.868375
8000,0.89,9,0,235.62925
9000,0.0,3,0,82.96922222222223
9000,0.01,3,0,93.58344444444444
9000,0.02,3,0,98.49733333333333
9000,0.03,3,0,101.63366666666667
9000,0.04,2,0,168.64388888888888
9000,0.05,4,0,62.705666666666666
9000,0.06,3,0,117.997
9000,0.07,2,0,182.36944444444444
9000,0.08,4,0,77.20633333333333
9000,0.09,3,0,133.463
9000,0.1,3,0,131.67866666666666
9000,0.11,3,0,139.21666666666667
9000,0.12,3,0,139.078
9000,0.13,4,0,99.77066666666667
9000,0.14,3,0,151.25766666666667
9000,0.15,3,0,150.10244444444444
9000,0.16,4,0,118.33355555555555
9000,0.17,3,0,156.79944444444445
9000,0.18,3,0,162.45355555555557
9000,0.19,5,0,92.221
9000,0.2,4,0,126.62311111111111
9000,0.21,4,0,129.44844444444445
9000,0.22,3,0,173.16433333333333
9000,0.23,1,0,253.70466666666667
9000,0.24,4,0,141.26811111111112
9000,0.25,2,0,216.30977777777778
9000,0.26,5,0,115.72255555555556
9000,0.27,5,0,120.75922222222222
9000,0.28,5,0,128.56688888888888
9000,0.29,5,0,133.48344444444444
9000,0.3,4,0,163.93488888888888
9000,0.31,4,0,166.24266666666668
9000,0.32,4,0,166.327
9000,0.33,3,0,196.73844444444444
9000,0.34,6,0,120.6031111111111
9000,0.35,5,0,150.1998888888889
9000,0.36,6,0,130.2358888888889
9000,0.37,5,0,153.74522222222222
9000,0.38,6,0,136.535
9000,0.39,5,0,159.33322222222222
9000,0.4,6,0,141.95566666666667
9000,0.41,5,0,162.42177777777778
9000,0.42,7,0,127.24833333333333
9000,0.43,5,0,169.92044444444446
9000,0.44,7,0,132.9201111111111
9000,0.45,7,0,137.06233333333333
9000,0.46,3,0,216.02966666666666
9000,0.47,5,0,179.53855555555555
9000,0.48,6,0,163.16544444444443
9000,0.49,8,0,137.95433333333332
9000,0.5,7,0,156.6921111111111
9000,0.51,8,0,145.23611111111111
9000,0.52,7,0,158.3311111111111
9000,0.53,8,0,150.4622222222222
9000,0.54,6,0,175.8831111111111
9000,0.55,9,0,143.12066666666666
9000,0.56,8,0,160.59533333333334
9000,0.57,9,0,149.95755555555556
9000,0.58,6,0,191.05033333333333
9000,0.59,12,0,118.98488888888889
9000,0.6,5,0,204.6598888888889
9000,0.61,14,0,113.90622222222223
9000,0.62,12,0,136.02544444444445
9000,0.63,9,0,166.63688888888888
9000,0.64,9,0,172.1861111111111
9000,0.65,7,0,193.06133333333332
9000,0.66,10,0,166.18833333333333
9000,0.67,10,0,172.96655555555554
9000,0.68,13,0,150.02533333333332
9000,0.69,13,0,155.31844444444445
9000,0.7,12,0,163.17033333333333
9000,0.71,5,0,221.662
9000,0.72,4,0,232.73055555555555
9000,0.73,16,0,151.94333333333333
9000,0.74,9,0,199.23855555555556
9000,0.75,3,0,239.97688888888888
9000,0.76,14,0,174.20111111111112
9000,0.77,12,0,187.48533333333333
9000,0.78,21,0,143.2751111111111
9000,0.79,14,0,187.6598888888889
9000,0.8,25,0,136.425
9000,0.81,11,0,207.02722222222224
9000,0.82,14,0,196.85711111111112
9000,0.83,23,0,164.20955555555557
9000,0.84,27,0,158.70866666666666
9000,0.85,24,0,168.76733333333334
9000,0.86,34,0,147.97011111111112
9000,0.87,20,0,195.60088888888887
9000,0.88,23,0,195.21155555555555
9000,0.89,22,0,200.42288888888888
10000,0.0,3,0,86.9053
10000,0.01,3,0,91.9171
10000,0.02,2,0,163.1329
10000,0.03,3,0,106.9803
10000,0.04,2,0,171.7611
10000,0.05,4,0,64.4518
10000,0.06,3,0,116.9526
10000,0.07,3,0,123.2551
10000,0.08,4,0,77.2072
10000,0.09,4,0,82.1078
10000,0.1,3,0,133.3113
10000,0.11,4,0,90.4084
10000,0.12,4,0,96.8442
10000,0.13,3,0,145.91
10000,0.14,3,0,151.162
10000,0.15,2,0,201.6369
10000,0.16,4,0,114.1836
10000,0.17,4,0,119.3698
10000,0.18,3,0,159.9353
10000,0.19,5,0,94.1021
10000,0.2,4,0,126.3648
10000,0.21,4,0,133.2249
10000,0.22,4,0,135.6129
10000,0.23,3,0,174.3703
10000,0.24,4,0,142.6972
10000,0.25,5,0,113.0813
10000,0.26,5,0,117.2734
10000,0.27,6,0,97.8018
10000,0.28,5,0,126.0995
10000,0.29,5,0,127.2073
10000,0.3,4,0,161.6193
10000,0.31,4,0,161.0558
10000,0.32,4,0,165.3395
10000,0.33,3,0,193.7852
10000,0.34,5,0,146.4879
10000,0.35,4,0,172.8393
10000,0.36,6,0,130.7669
10000,0.37,5,0,151.413
10000,0.38,6,0,130.8063
10000,0.39,6,0,135.6764
10000,0.4,5,0,159.3571
10000,0.41,4,0,188.8997
10000,0.42,7,0,130.5241
10000,0.43,5,0,170.1171
10000,0.44,6,0,153.8279
10000,0.45,5,0,175.7064
10000,0.46,10,0,93.1076
10000,0.47,7,0,146.251
10000,0.48,8,0,130.2097
10000,0.49,3,0,218.765
10000,0.5,7,0,153.658
10000,0.51,7,0,154.0062
10000,0.52,8,0,146.2178
10000,0.53,10,0,124.1978
10000,0.54,7,0,163.6515
10000,0.55,9,0,141.6415
10000,0.56,7,0,172.9851
10000,0.57,9,0,148.7251
10000,0.58,7,0,176.2463
10000,0.59,8,0,168.6901
10000,0.6,10,0,146.9991
10000,0.61,8,0,171.5493
10000,0.62,8,0,174.6367
10000,0.63,9,0,166.2149
10000,0.64,11,0,151.1532
10000,0.65,14,0,129.5713
10000,0.66,9,0,175.0614
10000,0.67,11,0,166.8388
10000,0.68,6,0,209.7266
10000,0.69,9,0,188.651
10000,0.7,12,0,165.8392
10000,0.71,9,0,190.6921
10000,0.72,14,0,161.3642
10000,0.73,8,0,204.4055
10000,0.74,13,0,172.501
10000,0.75,6,0,219.7868
10000,0.76,15,0,169.5122
10000,0.77,13,0,184.4337
10000,0.78,17,0,166.2496
10000,0.79,14,0,185.6371
10000,0.8,20,0,161.9744
10000,0.81,14,0,194.7477
10000,0.82,11,0,209.2466
10000,0.83,3,0,246.2991
10000,0.84,15,0,198.9543
10000,0.85,21,0,181.6738
10000,0.86,10,0,225.1346
10000,0.87,31,0,163.9195
10000,0.88,36,0,152.9641
10000,0.89,25,0,194.316
20000,0.0,2,0,152.8393
20000,0.01,3,0,91.87425
20000,0.02,3,0,95.32305
20000,0.03,3,0,98.88805
20000,0.04,3,0,107.4221
20000,0.05,2,0,174.12305
20000,0.06,3,0,117.6594
20000,0.07,4,0,75.2391
20000,0.08,3,0,126.24845
20000,0.09,3,0,127.6638
20000,0.1,2,0,189.1767
20000,0.11,2,0,191.36365
20000,0.12,3,0,144.1858
20000,0.13,3,0,143.17355
20000,0.14,2,0,198.98735
20000,0.15,2,0,199.3453
20000,0.16,3,0,153.77615
20000,0.17,3,0,157.5676
20000,0.18,3,0,159.4942
20000,0.19,1,0,253.1125
20000,0.2,3,0,167.3334
20000,0.21,4,0,131.46195
20000,0.22,3,0,171.7311
20000,0.23,3,0,174.0832
20000,0.24,4,0,141.58445
20000,0.25,4,0,143.8202
20000,0.26,5,0,118.45035
20000,0.27,4,0,154.2764
20000,0.28,4,0,155.4917
20000,0.29,2,0,219.05855
20000,0.3,4,0,159.6361
20000,0.31,4,0,163.3525
20000,0.32,5,0,138.15295
20000,0.33,3,0,196.26305
20000,0.34,3,0,195.4899
20000,0.35,2,0,225.2846
20000,0.36,4,0,176.80525
20000,0.37,6,0,130.94935
20000,0.38,4,0,181.15875
20000,0.39,5,0,161.9407
20000,0.4,5,0,161.19955
20000,0.41,5,0,165.2353
20000,0.42,5,0,168.5737
20000,0.43,3,0,210.2201
20000,0.44,4,0,192.63865
20000,0.45,6,0,156.74945
20000,0.46,6,0,158.963
20000,0.47,5,0,179.5146
20000,0.48,5,0,179.87795
20000,0.49,6,0,167.92045
20000,0.5,7,0,154.17765
20000,0.51,3,0,219.8435
20000,0.52,6,0,173.67725
20000,0.53,7,0,163.98125
20000,0.54,8,0,150.60955
20000,0.55,8,0,153.72665
20000,0.56,6,0,182.71875
20000,0.57,9,0,149.1923
20000,0.58,4,0,213.9407
20000,0.59,8,0,166.34735
20000,0.6,6,0,194.7447
20000,0.61,8,0,173.4272
20000,0.62,6,0,198.3354
20000,0.63,9,0,170.80215
20000,0.64,9,0,170.2669
20000,0.65,8,0,183.5242
20000,0.66,8,0,185.9704
20000,0.67,4,0,225.1248
20000,0.68,7,0,200.73505
20000,0.69,2,0,243.76395
20000,0.7,8,0,196.67565
20000,0.71,5,0,223.9215
20000,0.72,7,0,208.86385
20000,0.73,11,0,182.4276
20000,0.74,5,0,226.9763
20000,0.75,9,0,200.9374
20000,0.76,15,0,170.339
20000,0.77,16,0,166.18095
20000,0.78,11,0,196.6531
20000,0.79,14,0,184.66145
20000,0.8,16,0,178.13965
20000,0.81,17,0,179.7184
20000,0.82,14,0,195.9669
20000,0.83,15,0,195.90825
20000,0.84,28,0,154.6375
20000,0.85,22,0,180.91705
20000,0.86,21,0,186.49105
20000,0.87,30,0,165.5099
20000,0.88,20,0,201.0281
20000,0.89,1,0,252.5355
30000,0.0,2,0,152.44103333333334
30000,0.01,2,0,159.09226666666666
30000,0.02,2,0,162.54663333333335
30000,0.03,2,0,166.53383333333332
30000,0.04,3,0,107.18883333333333
30000,0.05,2,0,174.09636666666665
30000,0.06,3,0,116.6219
30000,0.07,2,0,182.1298
30000,0.08,3,0,125.99183333333333
30000,0.09,3,0,130.1646
30000,0.1,2,0,190.14046666666667
30000,0.11,2,0,191.4265
30000,0.12,3,0,140.67466666666667
30000,0.13,3,0,145.6197
30000,0.14,4,0,104.5835
30000,0.15,3,0,152.4351
30000,0.16,3,0,155.32833333333335
30000,0.17,3,0,160.21356666666668
30000,0.18,3,0,162.006
30000,0.19,3,0,163.8715
30000,0.2,3,0,168.49266666666668
30000,0.21,3,0,172.01793333333333
30000,0.22,4,0,136.2449
30000,0.23,3,0,175.57536666666667
30000,0.24,4,0,141.69966666666667
30000,0.25,4,0,145.627
30000,0.26,3,0,181.61513333333335
30000,0.27,1,0,253.69386666666668
30000,0.28,2,0,219.86313333333334
30000,0.29,5,0,128.08133333333333
30000,0.3,2,0,221.40386666666666
30000,0.31,5,0,136.00823333333332
30000,0.32,3,0,195.3732
30000,0.33,3,0,195.7066
30000,0.34,5,0,146.33523333333332
30000,0.35,4,0,173.18393333333333
30000,0.36,4,0,177.83103333333332
30000,0.37,5,0,154.1518
30000,0.38,5,0,157.78296666666665
30000,0.39,2,0,229.55253333333334
30000,0.4,4,0,184.7226
30000,0.41,4,0,186.12633333333332
30000,0.42,5,0,168.07423333333332
30000,0.43,4,0,190.79583333333332
30000,0.44,3,0,212.83573333333334
30000,0.45,5,0,174.57873333333333
30000,0.46,1,0,252.95926666666668
30000,0.47,6,0,160.92933333333335
30000,0.48,5,0,183.4285
30000,0.49,5,0,183.93886666666666
30000,0.5,6,0,170.30366666666666
30000,0.51,2,0,236.50813333333335
30000,0.52,6,0,173.48163333333332
30000,0.53,5,0,191.69956666666667
30000,0.54,4,0,209.0376
30000,0.55,1,0,252.85926666666666
30000,0.56,6,0,184.7584
30000,0.57,3,0,226.82503333333332
30000,0.58,6,0,188.49813333333333
30000,0.59,4,0,215.476
30000,0.6,5,0,205.36993333333334
30000,0.61,9,0,162.76013333333333
30000,0.62,8,0,175.63383333333334
30000,0.63,7,0,187.60873333333333
30000,0.64,8,0,180.68853333333334
30000,0.65,5,0,213.12056666666666
30000,0.66,6,0,205.7453
30000,0.67,1,0,252.8301
30000,0.68,9,0,182.2372
30000,0.69,8,0,193.7804
30000,0.7,9,0,188.6447
30000,0.71,4,0,230.42836666666668
30000,0.72,9,0,192.78876666666667
30000,0.73,11,0,182.82236666666665
30000,0.74,11,0,184.8064
30000,0.75,6,0,219.89886666666666
30000,0.76,10,0,198.90916666666666
30000,0.77,2,0,247.1373
30000,0.78,14,0,183.21953333333335
30000,0.79,16,0,176.4254
30000,0.8,16,0,179.81643333333332
30000,0.81,9,0,216.44016666666667
30000,0.82,12,0,205.3605
30000,0.83,14,0,200.85236666666665
30000,0.84,11,0,216.50756666666666
30000,0.85,20,0,186.91576666666666
30000,0.86,9,0,225.9791
30000,0.87,17,0,205.67313333333334
30000,0.88,19,0,203.2261
30000,0.89,29,0,182.26753333333335
40000,0.0,3,0,86.757225
40000,0.01,3,0,91.51055
40000,0.02,2,0,162.954425
40000,0.03,3,0,102.808275
40000,0.04,2,0,170.18395
40000,0.05,3,0,111.284
40000,0.06,3,0,117.35685
40000,0.07,2,0,181.214225
40000,0.08,2,0,185.035575
40000,0.09,4,0,81.7593
40000,0.1,3,0,133.1048
40000,0.11,3,0,137.6229
40000,0.12,3,0,141.468975
40000,0.13,2,0,197.0586
40000,0.14,2,0,198.84955
40000,0.15,3,0,152.700825
40000,0.16,3,0,155.752675
40000,0.17,4,0,117.73735
40000,0.18,3,0,161.2418
40000,0.19,1,0,253.568075
40000,0.2,4,0,127.56615
40000,0.21,2,0,210.329575
40000,0.22,3,0,173.717025
40000,0.23,3,0,174.91845
40000,0.24,3,0,177.55255
40000,0.25,3,0,180.122325
40000,0.26,4,0,147.587075
40000,0.27,3,0,185.90875
40000,0.28,4,0,154.849975
40000,0.29,3,0,186.3852
40000,0.3,2,0,221.304475
40000,0.31,3,0,192.4233
40000,0.32,2,0,223.6962
40000,0.33,4,0,169.16705
40000,0.34,3,0,198.171
40000,0.35,3,0,198.9096
40000,0.36,5,0,151.389075
40000,0.37,4,0,178.428325
40000,0.38,3,0,201.890125
40000,0.39,4,0,181.277775
40000,0.4,2,0,230.680575
40000,0.41,5,0,165.51625
40000,0.42,4,0,187.127625
40000,0.43,4,0,189.990175
40000,0.44,1,0,253.218825
40000,0.45,4,0,195.2659
40000,0.46,3,0,214.9627
40000,0.47,5,0,180.652425
40000,0.48,3,0,217.843225
40000,0.49,4,0,201.100325
40000,0.5,6,0,167.354775
40000,0.51,7,0,156.401825
40000,0.52,3,0,222.605225
40000,0.53,6,0,178.344825
40000,0.54,4,0,209.71095
40000,0.55,2,0,239.138475
40000,0.56,3,0,226.12
40000,0.57,1,0,252.795575
40000,0.58,4,0,214.687875
40000,0.59,5,0,204.186975
40000,0.6,9,0,158.7825
40000,0.61,6,0,196.839425
40000,0.62,4,0,219.6263
40000,0.63,6,0,200.940025
40000,0.64,7,0,191.4147
40000,0.65,1,0,253.187275
40000,0.66,7,0,195.527125
40000,0.67,5,0,217.305975
40000,0.68,3,0,235.219575
40000,0.69,1,0,252.9135
40000,0.7,8,0,197.588225
40000,0.71,5,0,221.944475
40000,0.72,5,0,224.022375
40000,0.73,6,0,217.54335
40000,0.74,2,0,246.495475
40000,0.75,7,0,214.6925
40000,0.76,7,0,216.729325
40000,0.77,10,0,201.76875
40000,0.78,5,0,231.101825
40000,0.79,11,0,201.993875
40000,0.8,10,0,208.9647
40000,0.81,1,0,252.5244
40000,0.82,15,0,193.23395
40000,0.83,14,0,200.56045
40000,0.84,8,0,226.530225
40000,0.85,10,0,222.074925
40000,0.86,13,0,213.565225
40000,0.87,24,0,183.9527
40000,0.88,27,0,183.3553
40000,0.89,26,0,192.0198
50000,0.0,2,0,154.51236
50000,0.01,3,0,91.54376
50000,0.02,2,0,162.8496
50000,0.03,3,0,101.41018
50000,0.04,2,0,171.33834
50000,0.05,3,0,112.56398
50000,0.06,3,0,114.73852
50000,0.07,2,0,181.76186
50000,0.08,3,0,125.98422
50000,0.09,3,0,128.9005
50000,0.1,2,0,188.60736
50000,0.11,3,0,138.15036
50000,0.12,2,0,193.2606
50000,0.13,3,0,146.4347
50000,0.14,3,0,148.24158
50000,0.15,3,0,152.7549
50000,0.16,3,0,155.42902
50000,0.17,2,0,204.77066
50000,0.18,2,0,205.49354
50000,0.19,3,0,164.86464
50000,0.2,1,0,252.98218
50000,0.21,3,0,170.05474
50000,0.22,4,0,136.66796
50000,0.23,3,0,175.39468
50000,0.24,2,0,214.19454
50000,0.25,2,0,215.84696
50000,0.26,3,0,182.02172
50000,0.27,3,0,183.84046
50000,0.28,1,0,252.68698
50000,0.29,2,0,219.91852
50000,0.3,4,0,162.50254
50000,0.31,3,0,192.26722
50000,0.32,1,0,252.6725
50000,0.33,3,0,195.59682
50000,0.34,4,0,171.1572
50000,0.35,2,0,225.2635
50000,0.36,2,0,226.40236
50000,0.37,3,0,201.92618
50000,0.38,1,0,253.40682
50000,0.39,4,0,182.28634
50000,0.4,2,0,229.54924
50000,0.41,3,0,206.94852
50000,0.42,5,0,166.47812
50000,0.43,4,0,191.32468
50000,0.44,3,0,213.12456
50000,0.45,5,0,175.08048
50000,0.46,1,0,252.91382
50000,0.47,5,0,180.22512
50000,0.48,1,0,253.12796
50000,0.49,4,0,201.45488
50000,0.5,5,0,185.78402
50000,0.51,2,0,236.89724
50000,0.52,5,0,190.84518
50000,0.53,5,0,191.34262
50000,0.54,5,0,194.90696
50000,0.55,6,0,181.62108
50000,0.56,7,0,169.63052
50000,0.57,6,0,187.51734
50000,0.58,6,0,189.45488
50000,0.59,6,0,190.82556
50000,0.6,5,0,204.96426
50000,0.61,6,0,195.32306
50000,0.62,8,0,175.85258
50000,0.63,1,0,253.0657
50000,0.64,6,0,201.44886
50000,0.65,6,0,203.70362
50000,0.66,5,0,215.98574
50000,0.67,7,0,197.8444
50000,0.68,4,0,226.60276
50000,0.69,4,0,227.58428
50000,0.7,10,0,179.57638
50000,0.71,1,0,252.77792
50000,0.72,7,0,209.79492
50000,0.73,10,0,189.62198
50000,0.74,9,0,199.49078
50000,0.75,5,0,226.4864
50000,0.76,8,0,210.26554
50000,0.77,3,0,242.21834
50000,0.78,7,0,219.40538
50000,0.79,6,0,226.41494
50000,0.8,13,0,193.92604
50000,0.81,15,0,187.3287
50000,0.82,1,0,253.14122
50000,0.83,22,0,168.52552
50000,0.84,2,0,249.04666
50000,0.85,3,0,246.15414
50000,0.86,6,0,238.2688
50000,0.87,16,0,208.02962
50000,0.88,19,0,203.6049
50000,0.89,22,0,201.93394
60000,0.0,2,0,153.89245
60000,0.01,2,0,158.20123333333333
60000,0.02,2,0,162.89306666666667
60000,0.03,2,0,167.31153333333333
60000,0.04,3,0,107.10785
60000,0.05,2,0,174.53131666666667
60000,0.06,3,0,116.26805
60000,0.07,3,0,120.9888
60000,0.08,3,0,125.86288333333333
60000,0.09,3,0,130.1901
60000,0.1,2,0,189.91911666666667
60000,0.11,2,0,191.82973333333334
60000,0.12,2,0,193.3783
60000,0.13,2,0,196.92283333333333
60000,0.14,3,0,149.11663333333334
60000,0.15,1,0,252.9071
60000,0.16,3,0,155.76845
60000,0.17,2,0,204.5476
60000,0.18,2,0,205.71198333333334
60000,0.19,2,0,207.49686666666668
60000,0.2,2,0,208.65941666666666
60000,0.21,3,0,168.69758333333334
60000,0.22,3,0,172.64033333333333
60000,0.23,2,0,213.47568333333334
60000,0.24,3,0,177.50048333333334
60000,0.25,2,0,216.0065
60000,0.26,4,0,149.02136666666667
60000,0.27,3,0,184.05698333333333
60000,0.28,3,0,185.13938333333334
60000,0.29,2,0,219.57306666666668
60000,0.3,4,0,160.58655
60000,0.31,4,0,163.13586666666666
60000,0.32,3,0,193.48968333333335
60000,0.33,4,0,168.21546666666666
60000,0.34,3,0,197.2876
60000,0.35,4,0,172.3054
60000,0.36,4,0,175.43431666666666
60000,0.37,5,0,153.56541666666666
60000,0.38,3,0,204.5213
60000,0.39,4,0,181.79473333333334
60000,0.4,2,0,230.50298333333333
60000,0.41,5,0,166.00713333333334
60000,0.42,5,0,167.46296666666666
60000,0.43,2,0,232.17323333333334
60000,0.44,2,0,232.45361666666668
60000,0.45,3,0,213.48
60000,0.46,5,0,176.75266666666667
60000,0.47,4,0,197.41091666666668
60000,0.48,5,0,181.72321666666667
60000,0.49,4,0,201.4267
60000,0.5,4,0,202.1749
60000,0.51,5,0,188.51216666666667
60000,0.52,5,0,191.05738333333332
60000,0.53,5,0,192.37955
60000,0.54,3,0,223.86003333333332
60000,0.55,1,0,252.93255
60000,0.56,1,0,252.62081666666666
60000,0.57,6,0,187.24008333333333
60000,0.58,1,0,252.7521
60000,0.59,6,0,190.46408333333332
60000,0.6,3,0,229.78226666666666
60000,0.61,3,0,230.31973333333335
60000,0.62,4,0,220.97673333333333
60000,0.63,7,0,188.56091666666666
60000,0.64,3,0,232.68618333333333
60000,0.65,5,0,213.43901666666667
60000,0.66,8,0,187.34503333333333
60000,0.67,6,0,208.75296666666668
60000,0.68,8,0,192.61895
60000,0.69,7,0,201.27335
60000,0.7,7,0,205.74876666666665
60000,0.71,8,0,198.55025
60000,0.72,6,0,216.9004
60000,0.73,3,0,239.15931666666665
60000,0.74,9,0,198.76751666666667
60000,0.75,6,0,220.897
60000,0.76,5,0,229.48338333333334
60000,0.77,1,0,253.06253333333333
60000,0.78,17,0,166.38416666666666
60000,0.79,8,0,217.08683333333335
60000,0.8,11,0,204.88058333333333
60000,0.81,7,0,225.4745
60000,0.82,15,0,193.4867
60000,0.83,1,0,252.75861666666665
60000,0.84,8,0,227.02901666666668
60000,0.85,13,0,211.59636666666665
60000,0.86,10,0,223.58705
60000,0.87,10,0,226.5259
60000,0.88,22,0,195.67736666666667
60000,0.89,24,0,197.3727
70000,0.0,2,0,153.82028571428572
70000,0.01,2,0,159.27094285714287
70000,0.02,2,0,162.44414285714285
70000,0.03,2,0,166.7050857142857
70000,0.04,1,0,252.80845714285715
70000,0.05,2,0,173.82164285714285
70000,0.06,2,0,177.93304285714285
70000,0.07,3,0,120.58614285714286
70000,0.08,2,0,183.65642857142856
70000,0.09,1,0,253.0729
70000,0.1,2,0,190.56338571428572
70000,0.11,2,0,191.5989
70000,0.12,3,0,142.20861428571428
70000,0.13,3,0,145.30011428571427
70000,0.14,3,0,149.9531
70000,0.15,2,0,200.68572857142857
70000,0.16,2,0,203.1478
70000,0.17,2,0,203.38424285714285
70000,0.18,3,0,160.5403
70000,0.19,2,0,207.4699
70000,0.2,3,0,166.7504857142857
70000,0.21,2,0,210.75194285714286
70000,0.22,2,0,211.09857142857143
70000,0.23,4,0,140.08281428571428
70000,0.24,3,0,177.74645714285714
70000,0.25,2,0,216.0080142857143
70000,0.26,2,0,216.99098571428573
70000,0.27,3,0,184.3038857142857
70000,0.28,3,0,186.5521857142857
70000,0.29,2,0,220.04987142857144
70000,0.3,3,0,190.27935714285715
70000,0.31,4,0,163.26815714285715
70000,0.32,3,0,193.48104285714285
70000,0.33,3,0,194.8832857142857
70000,0.34,4,0,170.98565714285715
70000,0.35,4,0,174.3240857142857
70000,0.36,4,0,176.12768571428572
70000,0.37,5,0,154.1879857142857
70000,0.38,3,0,204.05461428571428
70000,0.39,1,0,253.03964285714287
70000,0.4,3,0,206.97837142857142
70000,0.41,3,0,207.94728571428573
70000,0.42,3,0,210.34455714285716
70000,0.43,3,0,210.30428571428573
70000,0.44,1,0,252.67681428571427
70000,0.45,4,0,194.90415714285714
70000,0.46,2,0,234.0747142857143
70000,0.47,3,0,215.3443142857143
70000,0.48,5,0,181.83594285714287
70000,0.49,4,0,201.40694285714287
70000,0.5,5,0,186.0032
70000,0.51,4,0,205.22671428571428
70000,0.52,1,0,252.93227142857143
70000,0.53,3,0,222.49155714285715
70000,0.54,3,0,224.05655714285714
70000,0.55,3,0,224.78131428571427
70000,0.56,4,0,212.71267142857144
70000,0.57,2,0,239.83732857142857
70000,0.58,4,0,214.00782857142858
70000,0.59,2,0,240.74462857142856
70000,0.6,2,0,241.54355714285714
70000,0.61,3,0,230.58308571428572
70000,0.62,4,0,220.59457142857144
70000,0.63,1,0,253.04185714285714
70000,0.64,4,0,221.98955714285714
70000,0.65,1,0,253.1491142857143
70000,0.66,7,0,196.3050142857143
70000,0.67,1,0,252.65721428571428
70000,0.68,7,0,200.28045714285713
70000,0.69,3,0,236.20227142857144
70000,0.7,5,0,221.32872857142857
70000,0.71,7,0,206.8002
70000,0.72,10,0,186.38074285714285
70000,0.73,5,0,225.45465714285714
70000,0.74,7,0,212.64697142857142
70000,0.75,1,0,253.70347142857142
70000,0.76,12,0,186.3411857142857
70000,0.77,8,0,213.4373857142857
70000,0.78,14,0,182.13874285714286
70000,0.79,12,0,194.90044285714285
70000,0.8,12,0,199.9746142857143
70000,0.81,13,0,197.43164285714286
70000,0.82,8,0,222.80752857142858
70000,0.83,14,0,200.83258571428573
70000,0.84,1,0,252.8102
70000,0.85,14,0,207.71115714285713
70000,0.86,11,0,220.6263
70000,0.87,1,0,253.13084285714285
70000,0.88,1,0,252.90234285714286
70000,0.89,7,0,237.97097142857143
80000,0.0,2,0,154.0684375
80000,0.01,2,0,159.57465
80000,0.02,2,0,163.507875
80000,0.03,2,0,167.3106375
80000,0.04,3,0,106.79675
80000,0.05,3,0,111.8978125
80000,0.06,2,0,177.8413625
80000,0.07,2,0,181.7412125
80000,0.08,2,0,184.2236
80000,0.09,2,0,186.5719875
80000,0.1,2,0,189.4068625
80000,0.11,2,0,192.85385
80000,0.12,2,0,194.2549
80000,0.13,2,0,196.8574375
80000,0.14,3,0,148.371875
80000,0.15,1,0,252.8457625
80000,0.16,3,0,155.381125
80000,0.17,2,0,204.1336125
80000,0.18,3,0,161.1646625
80000,0.19,3,0,164.0529
80000,0.2,3,0,166.9116375
80000,0.21,2,0,211.1828625
80000,0.22,3,0,173.4523875
80000,0.23,3,0,175.288025
80000,0.24,2,0,215.052775
80000,0.25,3,0,179.1536
80000,0.26,2,0,217.3545625
80000,0.27,2,0,218.092975
80000,0.28,3,0,186.580875
80000,0.29,3,0,188.309825
80000,0.3,1,0,253.38945
80000,0.31,2,0,223.0154
80000,0.32,3,0,194.4367625
80000,0.33,3,0,195.167225
80000,0.34,3,0,197.7119
80000,0.35,3,0,200.391525
80000,0.36,2,0,227.182975
80000,0.37,4,0,177.7260625
80000,0.38,1,0,253.308375
80000,0.39,2,0,229.1178
80000,0.4,3,0,207.002
80000,0.41,3,0,209.0508375
80000,0.42,2,0,231.340325
80000,0.43,3,0,211.5781375
80000,0.44,3,0,212.6992625
80000,0.45,3,0,214.0762
80000,0.46,1,0,253.506325
80000,0.47,3,0,216.167675
80000,0.48,4,0,200.1837375
80000,0.49,1,0,253.13625
80000,0.5,2,0,236.9991125
80000,0.51,2,0,237.18895
80000,0.52,1,0,252.91575
80000,0.53,6,0,177.0197125
80000,0.54,2,0,238.9313625
80000,0.55,1,0,252.8685125
80000,0.56,6,0,184.0598875
80000,0.57,6,0,187.2096875
80000,0.58,7,0,177.1806125
80000,0.59,7,0,178.4017375
80000,0.6,6,0,193.688575
80000,0.61,3,0,230.315825
80000,0.62,1,0,252.6866375
80000,0.63,7,0,189.6971
80000,0.64,4,0,221.785325
80000,0.65,1,0,252.7591375
80000,0.66,8,0,186.81635
80000,0.67,9,0,181.318775
80000,0.68,10,0,174.7000625
80000,0.69,3,0,236.0340875
80000,0.7,1,0,253.1850125
80000,0.71,6,0,214.3701625
80000,0.72,7,0,209.058275
80000,0.73,1,0,253.1038875
80000,0.74,1,0,253.42585
80000,0.75,11,0,189.56275
80000,0.76,13,0,180.651425
80000,0.77,8,0,212.7233875
80000,0.78,11,0,198.8777
80000,0.79,7,0,222.6669875
80000,0.8,6,0,228.9029625
80000,0.81,12,0,202.5655125
80000,0.82,14,0,197.8856
80000,0.83,5,0,237.2512625
80000,0.84,12,0,212.392375
80000,0.85,13,0,210.809225
80000,0.86,12,0,217.009625
80000,0.87,22,0,189.2610125
80000,0.88,10,0,228.2209625
80000,0.89,1,0,253.0520875
90000,0.0,2,0,153.94207777777777
90000,0.01,1,0,252.53966666666668
90000,0.02,2,0,163.17492222222222
90000,0.03,2,0,166.97256666666667
90000,0.04,2,0,170.47018888888888
90000,0.05,2,0,174.36186666666666
90000,0.06,2,0,177.8156888888889
90000,0.07,2,0,181.0702
90000,0.08,3,0,126.02305555555556
90000,0.09,2,0,186.7725111111111
90000,0.1,2,0,189.09295555555556
90000,0.11,2,0,191.11876666666666
90000,0.12,1,0,253.48373333333333
90000,0.13,2,0,196.58856666666668
90000,0.14,2,0,198.00122222222222
90000,0.15,1,0,253.0884
90000,0.16,2,0,202.3858
90000,0.17,2,0,203.75287777777777
90000,0.18,2,0,205.72591111111112
90000,0.19,2,0,207.8936
90000,0.2,3,0,167.5822222222222
90000,0.21,1,0,252.99986666666666
90000,0.22,2,0,211.58097777777778
90000,0.23,2,0,213.66926666666666
90000,0.24,1,0,252.77322222222222
90000,0.25,2,0,216.59624444444444
90000,0.26,2,0,216.72806666666668
90000,0.27,2,0,218.0328111111111
90000,0.28,2,0,219.33568888888888
90000,0.29,3,0,188.99507777777777
90000,0.3,3,0,189.32777777777778
90000,0.31,4,0,164.0044
90000,0.32,3,0,193.6138777777778
90000,0.33,1,0,253.35326666666666
90000,0.34,3,0,196.9509888888889
90000,0.35,2,0,226.16034444444443
90000,0.36,2,0,226.70942222222223
90000,0.37,4,0,179.1363888888889
90000,0.38,4,0,179.4119
90000,0.39,4,0,182.67852222222223
90000,0.4,3,0,207.19626666666667
90000,0.41,1,0,253.25365555555555
90000,0.42,1,0,253.07295555555555
90000,0.43,6,0,150.07894444444443
90000,0.44,5,0,172.71486666666667
90000,0.45,3,0,214.52452222222223
90000,0.46,4,0,195.5607777777778
90000,0.47,3,0,216.53353333333334
90000,0.48,4,0,200.11595555555556
90000,0.49,4,0,201.03285555555556
90000,0.5,3,0,219.96566666666666
90000,0.51,3,0,221.19833333333332
90000,0.52,6,0,175.11196666666666
90000,0.53,3,0,222.93203333333332
90000,0.54,2,0,238.7063777777778
90000,0.55,1,0,252.95765555555556
90000,0.56,6,0,185.3959
90000,0.57,4,0,213.76233333333334
90000,0.58,3,0,227.07541111111112
90000,0.59,4,0,216.79354444444445
90000,0.6,3,0,229.5858111111111
90000,0.61,4,0,218.36257777777777
90000,0.62,5,0,208.7273
90000,0.63,1,0,252.78214444444444
90000,0.64,4,0,222.47317777777778
90000,0.65,1,0,252.92936666666665
90000,0.66,4,0,225.06012222222222
90000,0.67,9,0,180.20255555555556
90000,0.68,6,0,208.95575555555556
90000,0.69,7,0,202.79194444444445
90000,0.7,5,0,220.7503111111111
90000,0.71,7,0,206.77116666666666
90000,0.72,1,0,252.82215555555555
90000,0.73,7,0,210.5914
90000,0.74,8,0,205.56112222222222
90000,0.75,7,0,215.58604444444444
90000,0.76,7,0,216.2450888888889
90000,0.77,10,0,202.0105111111111
90000,0.78,9,0,209.4302111111111
90000,0.79,6,0,227.57368888888888
90000,0.8,6,0,228.77933333333334
90000,0.81,1,0,253.1799888888889
90000,0.82,1,0,253.13887777777776
90000,0.83,1,0,252.96002222222222
90000,0.84,16,0,195.5126111111111
90000,0.85,10,0,221.20137777777776
90000,0.86,11,0,220.07897777777777
90000,0.87,14,0,214.71025555555556
90000,0.88,16,0,212.4787
90000,0.89,10,0,230.42663333333334
100000,0.0,2,0,154.22924
100000,0.01,2,0,157.94922
100000,0.02,2,0,163.01946
100000,0.03,2,0,167.08853
100000,0.04,2,0,170.5483
100000,0.05,2,0,174.27336
100000,0.06,1,0,253.1339
100000,0.07,1,0,253.19521
100000,0.08,1,0,252.8204
100000,0.09,2,0,186.54822
100000,0.1,2,0,189.88187
100000,0.11,3,0,138.17694
100000,0.12,2,0,194.1934
100000,0.13,2,0,196.57081
100000,0.14,2,0,198.3949
100000,0.15,2,0,199.31096
100000,0.16,2,0,201.92068
100000,0.17,2,0,204.1858
100000,0.18,1,0,253.08276
100000,0.19,1,0,252.91824
100000,0.2,1,0,253.16831
100000,0.21,3,0,169.6813
100000,0.22,2,0,212.31473
100000,0.23,3,0,174.32111
100000,0.24,2,0,214.39373
100000,0.25,1,0,253.12741
100000,0.26,2,0,216.7276
100000,0.27,1,0,253.18886
100000,0.28,2,0,219.34253
100000,0.29,2,0,221.0496
100000,0.3,1,0,253.27336
100000,0.31,1,0,253.14933
100000,0.32,3,0,194.18906
100000,0.33,3,0,195.73029
100000,0.34,1,0,252.90215
100000,0.35,2,0,226.227
100000,0.36,4,0,175.00117
100000,0.37,2,0,228.17424
100000,0.38,3,0,203.39052
100000,0.39,2,0,229.0396
100000,0.4,3,0,207.0177
100000,0.41,4,0,185.90993
100000,0.42,1,0,252.9823
100000,0.43,1,0,252.92687
100000,0.44,1,0,253.03273
100000,0.45,4,0,193.90735
100000,0.46,1,0,252.86656
100000,0.47,4,0,197.69063
100000,0.48,4,0,199.51284
100000,0.49,2,0,235.58411
100000,0.5,4,0,201.24259
100000,0.51,3,0,220.75936
100000,0.52,2,0,237.93487
100000,0.53,3,0,222.49183
100000,0.54,2,0,238.25734
100000,0.55,4,0,210.46969
100000,0.56,1,0,252.55679
100000,0.57,1,0,253.31368
100000,0.58,5,0,201.62493
100000,0.59,3,0,228.75936
100000,0.6,2,0,240.88744
100000,0.61,3,0,230.55818
100000,0.62,1,0,253.12301
100000,0.63,5,0,210.82816
100000,0.64,5,0,211.74748
100000,0.65,1,0,253.15956
100000,0.66,5,0,215.16843
100000,0.67,1,0,252.98532
100000,0.68,2,0,244.09398
100000,0.69,4,0,227.51411
100000,0.7,5,0,221.67704
100000,0.71,9,0,190.2755
100000,0.72,6,0,216.66876
100000,0.73,7,0,210.33965
100000,0.74,10,0,193.13165
100000,0.75,9,0,201.91338
100000,0.76,1,0,253.27408
100000,0.77,10,0,201.24057
100000,0.78,8,0,214.95072
100000,0.79,6,0,227.04731
100000,0.8,1,0,252.9344
100000,0.81,12,0,202.29072
100000,0.82,11,0,209.86737
100000,0.83,14,0,200.01941
100000,0.84,7,0,230.80325
100000,0.85,16,0,200.13828
100000,0.86,13,0,214.59399
100000,0.87,9,0,229.64381
100000,0.88,16,0,211.88258
100000,0.89,14,0,220.99054
200000,0.0,1,0,253.167125
200000,0.01,2,0,158.389805
200000,0.02,2,0,163.234865
200000,0.03,1,0,252.990055
200000,0.04,1,0,252.958605
200000,0.05,1,0,253.01484
200000,0.06,2,0,177.76239
200000,0.07,2,0,180.892285
200000,0.08,2,0,183.735305
200000,0.09,2,0,186.54553
200000,0.1,2,0,189.122745
200000,0.11,2,0,192.223935
200000,0.12,2,0,194.02009
200000,0.13,1,0,253.05931
200000,0.14,2,0,197.976425
200000,0.15,2,0,200.29964
200000,0.16,1,0,253.128585
200000,0.17,2,0,204.44455
200000,0.18,3,0,160.88316
200000,0.19,2,0,207.803725
200000,0.2,2,0,209.242825
200000,0.21,1,0,253.068205
200000,0.22,2,0,212.39512
200000,0.23,2,0,213.143005
200000,0.24,2,0,214.44774
200000,0.25,3,0,180.13642
200000,0.26,1,0,253.13415
200000,0.27,1,0,252.970735
200000,0.28,2,0,219.3069
200000,0.29,1,0,253.060025
200000,0.3,2,0,221.390365
200000,0.31,1,0,253.02394
200000,0.32,3,0,194.290295
200000,0.33,1,0,252.973025
200000,0.34,2,0,224.92624
200000,0.35,4,0,173.17602
200000,0.36,1,0,252.88097
200000,0.37,2,0,227.933475
200000,0.38,1,0,253.1012
200000,0.39,1,0,252.771865
200000,0.4,1,0,253.12511
200000,0.41,2,0,230.713285
200000,0.42,1,0,252.772195
200000,0.43,1,0,252.921485
200000,0.44,2,0,233.0347
200000,0.45,1,0,252.73771
200000,0.46,3,0,214.911045
200000,0.47,1,0,253.18403
200000,0.48,4,0,199.39631
200000,0.49,4,0,201.82911
200000,0.5,4,0,202.91305
200000,0.51,1,0,252.76229
200000,0.52,4,0,206.245075
200000,0.53,5,0,192.33165
200000,0.54,3,0,223.46051
200000,0.55,1,0,252.946975
200000,0.56,5,0,198.554505
200000,0.57,4,0,213.508885
200000,0.58,1,0,253.148195
200000,0.59,4,0,215.9002
200000,0.6,1,0,252.913295
200000,0.61,4,0,218.917075
200000,0.62,1,0,253.25358
200000,0.63,3,0,232.005915
200000,0.64,4,0,222.04949
200000,0.65,1,0,253.031335
200000,0.66,1,0,252.98484
200000,0.67,5,0,217.126335
200000,0.68,4,0,227.18623
200000,0.69,5,0,219.612775
200000,0.7,6,0,212.74297
200000,0.71,1,0,253.14555
200000,0.72,6,0,215.954
200000,0.73,1,0,253.189725
200000,0.74,6,0,220.016845
200000,0.75,3,0,240.806335
200000,0.76,9,0,205.229935
200000,0.77,1,0,253.189535
200000,0.78,3,0,242.19833
200000,0.79,3,0,242.930595
200000,0.8,3,0,243.687335
200000,0.81,1,0,253.00947
200000,0.82,4,0,240.254595
200000,0.83,10,0,216.816595
200000,0.84,8,0,227.026015
200000,0.85,9,0,224.65642
200000,0.86,1,0,253.19244
200000,0.87,5,0,241.12261
200000,0.88,13,0,220.973905
200000,0.89,1,0,253.20526
300000,0.0,1,0,252.91887
300000,0.01,1,0,252.98518333333334
300000,0.02,2,0,163.00500333333332
300000,0.03,1,0,252.98730666666665
300000,0.04,1,0,253.15382
300000,0.05,2,0,174.27544333333333
300000,0.06,1,0,252.92318666666668
300000,0.07,2,0,181.15392666666668
300000,0.08,1,0,253.10223
300000,0.09,2,0,186.50819
300000,0.1,2,0,189.16054333333332
300000,0.11,1,0,252.86123666666666
300000,0.12,1,0,253.01489666666666
300000,0.13,1,0,252.93630333333334
300000,0.14,2,0,197.99408666666668
300000,0.15,2,0,200.53832666666668
300000,0.16,1,0,252.95563
300000,0.17,1,0,252.99577666666667
300000,0.18,2,0,205.55248
300000,0.19,1,0,252.96601666666666
300000,0.2,1,0,252.93731
300000,0.21,3,0,170.15424666666667
300000,0.22,2,0,211.67468
300000,0.23,1,0,253.1844
300000,0.24,1,0,253.01716666666667
300000,0.25,1,0,252.91484
300000,0.26,2,0,216.76174333333333
300000,0.27,1,0,252.96016666666668
300000,0.28,2,0,219.73223
300000,0.29,1,0,252.99703
300000,0.3,2,0,221.70886666666667
300000,0.31,3,0,192.54704666666666
300000,0.32,1,0,252.96100666666666
300000,0.33,3,0,195.65173666666666
300000,0.34,3,0,197.84119
300000,0.35,3,0,199.10796666666667
300000,0.36,2,0,226.78800333333334
300000,0.37,3,0,202.32843
300000,0.38,2,0,228.44537666666668
300000,0.39,1,0,253.08549
300000,0.4,3,0,207.24414
300000,0.41,2,0,230.82756
300000,0.42,3,0,210.27507333333332
300000,0.43,2,0,232.28437333333332
300000,0.44,3,0,212.23923
300000,0.45,1,0,253.07662666666667
300000,0.46,2,0,234.14435
300000,0.47,1,0,253.08834666666667
300000,0.48,4,0,199.45974666666666
300000,0.49,3,0,218.39803333333333
300000,0.5,2,0,236.35388333333333
300000,0.51,1,0,253.05076
300000,0.52,1,0,252.65156
300000,0.53,1,0,253.04276
300000,0.54,3,0,223.82565333333332
300000,0.55,2,0,238.86929666666666
300000,0.56,1,0,252.93735
300000,0.57,5,0,199.75605
300000,0.58,2,0,240.62484
300000,0.59,2,0,240.81780333333333
300000,0.6,4,0,217.27601333333334
300000,0.61,6,0,195.49767
300000,0.62,2,0,242.22086
300000,0.63,3,0,231.71692666666667
300000,0.64,1,0,253.12266
300000,0.65,1,0,253.27288666666666
300000,0.66,4,0,224.98653333333334
300000,0.67,3,0,235.11793333333333
300000,0.68,2,0,244.69236
300000,0.69,2,0,244.67066
300000,0.7,2,0,245.46840666666668
300000,0.71,1,0,252.97390333333334
