schema,order,defining_length,num_generations,num_matches,num_expected_matches,schema_fitness,population_fitness
0......1,2,7,0,2504,0,52538440523.41518,88573748119.004
0......1,2,7,1,4368,1164.573371527554,20756212712.289276,30015328855.173088
0......1,2,7,2,5119,2368.3616095548996,6316553494.674511,8969932166.689182
0......1,2,7,3,4707,2826.4188800781235,2029187378.621963,3266674160.308628
0......1,2,7,4,8759,2292.561050279907,620788241.9736727,1057259180.205201
0......1,2,7,5,9729,4032.5236236626474,247843335.38549286,569347829.415244
0......1,2,7,6,9948,3320.688631375851,146004896.0254614,250091192.13085097
0......1,2,7,7,9987,4553.707965768931,43930401.55048163,148254406.60516298
0......1,2,7,8,9991,2320.347273406552,61747469.90343509,164575459.455947
0......1,2,7,9,9988,2939.161336763673,31413864.777870443,202785029.120681
0......1,2,7,10,9982,1213.1776207541373,63915743.25700661,259183258.13592902
0......1,2,7,11,9992,1930.095687197775,24062441.63244896,163416352.27475402
0......1,2,7,12,9997,1153.6046099038297,31871659.050547164,57364419.765971996
0......1,2,7,13,9986,4355.039857658221,38926540.4839936,108037088.55448903
0......1,2,7,14,9968,2821.141530180148,87082765.63470505,392687163.8058689
0......1,2,7,15,9983,1733.220884624953,31041606.35606932,184193935.169756
0......1,2,7,16,9978,1319.1382340935295,76715700.52024753,119575378.14627598
0......1,2,7,17,9993,5019.33714550116,39458318.83723907,123284838.04710904
0......1,2,7,18,9976,2507.7553889509827,76918978.97085506,284119027.09955704
0......1,2,7,19,9986,2117.629647208035,71783232.27484378,200053729.902849
0......1,2,7,20,9990,2809.4952028081234,73049915.39159758,150665749.162132
0......1,2,7,21,9990,3797.7908715675812,26696438.65707207,111351973.56436998
0......1,2,7,22,9979,1877.9381100530336,71245144.71156529,172266484.82059696
0......1,2,7,23,9987,3235.9505766928846,75404190.30141585,142312512.55301
0......1,2,7,24,9975,4149.041899372627,102980438.90526718,359288460.76893103
0......1,2,7,25,9975,2241.7374637672924,3760870.3851157892,384510622.758295
0......1,2,7,26,9985,76.4985677725136,65154278.36306161,354625173.98423994
0......1,2,7,27,9982,1438.4071146429078,69134998.27350833,269895499.180193
0......1,2,7,28,9996,2004.8424796133124,33416049.218758505,79413382.10481702
0......1,2,7,29,10000,3297.980118077221,7118798.386967,7118798.386967
0.....01,3,7,0,1290,0,52490375351.63213,89806183253.86063
0.....01,3,7,1,2373,585.2733106757413,22471680487.986435,33488198536.770138
0.....01,3,7,2,2883,1236.0529473397946,7560158277.278245,11105090122.370472
0.....01,3,7,3,3338,1523.5229953764485,2028134396.280539,3322233954.3316665
0.....01,3,7,4,8644,1581.7885267587494,898095239.5062182,1469294071.905903
0.....01,3,7,5,9732,4101.323221403557,332775835.63748145,573364303.445026
0.....01,3,7,6,9951,4384.487160188668,84619333.69532911,250283375.54793805
0.....01,3,7,7,9977,2611.5593180740148,31361656.936770577,114976054.63389198
0.....01,3,7,8,9977,2112.453417312146,25640017.275625937,141471794.70460302
0.....01,3,7,9,9968,1403.6020487712478,74428967.54180276,344903382.5498859
0.....01,3,7,10,9976,1669.7372699740513,23360170.83626002,284849496.915385
0.....01,3,7,11,9968,635.0567975341385,22857303.098201245,285836890.517649
0.....01,3,7,12,9973,618.7430141759712,20308149.638366587,148608226.59657604
0.....01,3,7,13,9973,1057.9104157205875,24488005.469036404,325335328.84837705
0.....01,3,7,14,9974,582.6980659491581,56402772.23774515,271661495.628338
0.....01,3,7,15,9976,1607.4493511613923,60800203.94005212,210184655.91168204
0.....01,3,7,16,9992,2240.0413701962843,43798153.01643714,121115780.78448299
0.....01,3,7,17,9997,2804.8074961262037,19735418.49182455,54736147.141373
0.....01,3,7,18,9997,2797.9334388599445,21686726.937545262,72194946.20732704
0.....01,3,7,19,9993,2331.0547658029873,39950385.830658466,68591952.77702302
0.....01,3,7,20,9992,4517.9276202771525,28838436.105463374,134342540.15540695
0.....01,3,7,21,9994,1664.9689760387012,20705493.827457476,68377054.82797097
0.....01,3,7,22,9986,2349.1465894610606,38161324.15700581,177811281.34120196
0.....01,3,7,23,9983,1663.6089830421836,21071386.63675849,150731147.067547
0.....01,3,7,24,9981,1083.2950376720014,56596973.79161006,197525589.05055797
0.....01,3,7,25,9982,2219.9309754669735,21492881.92093168,188510547.34432197
0.....01,3,7,26,9968,883.4299826278493,21121390.459035914,273441715.472668
0.....01,3,7,27,9973,597.6698325131094,30984788.370364986,267803022.08094102
0.....01,3,7,28,9968,895.6832454908728,25489832.145444416,216464515.704199
0.....01,3,7,29,9976,911.1373744759585,66132019.21397956,250686134.794079
0.....01,3,7,30,9992,2042.8358949112483,21269553.530031018,77593152.713241
0.....01,3,7,31,9983,2126.0964957182473,43315818.978794955,168612799.49708498
0.....01,3,7,32,9992,1990.731245149836,24766208.787339866,76092562.62376799
0.....01,3,7,33,9988,2524.4415264890404,52340218.32532637,79461070.60851298
0.....01,3,7,34,9985,5106.874933206399,81816258.99502856,325927193.08771116
0.....01,3,7,35,9985,1945.6407839859007,50578663.23052479,287741505.31281614
0.....01,3,7,36,9965,1362.4120485812025,82328435.54055592,481669915.8564689
0.....01,3,7,37,9947,1322.1271225071682,44335078.612971745,732306957.2711571
0.....01,3,7,38,9978,467.45737012349815,21131864.144983962,283492791.356571
0.....01,3,7,39,9969,577.3442704200584,22580924.250563744,374621876.9007591
0.....01,3,7,40,9975,466.43995552248776,22068870.032718796,316275159.603472
0.....01,3,7,41,9989,540.2857194184236,21423330.12780158,104096449.53360899
0.....01,3,7,42,9986,1595.7639403324397,71030700.69935107,200951854.34002796
0.....01,3,7,43,9982,2739.9410135891176,63700929.43353335,165608366.47469097
0.....01,3,7,44,9970,2980.4142549151093,21523802.00892277,126306869.02690403
0.....01,3,7,45,9974,1318.8115677429528,21953259.091741532,225445354.21912196
0.....01,3,7,46,9983,753.9154570260889,21951954.67977462,151781277.88353193
0.....01,3,7,47,9989,1120.757449872134,21061755.2837221,72720721.01614198
0.....01,3,7,48,9980,2245.7115369260378,22193917.350566134,223383490.75067392
0.....01,3,7,49,9991,769.6778761041708,21687557.48732259,157876398.09592095
0.....01,3,7,50,9985,1065.363868046173,22627838.09647271,227657898.24418795
0.....01,3,7,51,9979,770.3781926560347,22524203.90908508,180680560.04465795
0.....01,3,7,52,9998,965.6519363048421,33060843.218639735,50727014.68570198
0.....01,3,7,53,9986,5058.052405771884,30506496.48220809,210015463.05354694
0.....01,3,7,54,9986,1125.973564352686,21758424.648793314,168933120.84507596
0.....01,3,7,55,9982,998.3889730603718,21556555.991547786,217411947.61555392
0.....01,3,7,56,9978,768.2615643722595,39160563.850681506,309994155.22001696
0.....01,3,7,57,9988,978.4406809545676,16483539.39988186,168842326.620975
0.....01,3,7,58,9984,756.9082640218038,66429008.21523236,179856497.409264
0.....01,3,7,59,9982,2862.409601824238,52863019.83412141,175804016.35338703
0.....01,3,7,60,9973,2329.8948026580324,21593631.848462846,378148756.95112604
0.....01,3,7,61,9973,442.0632431121747,69012766.07934324,334411703.708896
0.....01,3,7,62,9977,1597.604797319808,10803392.037768867,312198902.96456194
0.....01,3,7,63,9986,267.99352834146947,8033448.643379731,179068993.933055
0.....01,3,7,64,9984,347.75129867869475,3841394.5374108567,217887091.38025203
0.....01,3,7,65,9994,136.63361413974206,2365626.543021813,52710844.650943995
0.....01,3,7,66,9982,348.1618046862391,35997602.07457123,209309931.6463
0.....01,3,7,67,9984,1332.5909892184163,9535468.254108576,95207887.194878
0.....01,3,7,68,9986,776.1921391312519,594599.1449319046,150130785.76740202
0.....01,3,7,69,9989,30.700231840942422,2193985.384048453,102549710.06574199
0.....01,3,7,70,9993,165.88872801586865,1100509.149952967,80786243.827948
0.....01,3,7,71,9975,105.66902493086833,1448537.3406115295,223667439.573398
0.....01,3,7,72,9996,50.14589695842807,1634457.3964405763,31641205.518481977
0.....01,3,7,73,9970,400.8135559644193,53907084.266404204,442342437.13404393
0.....01,3,7,74,9985,943.1439103987225,3274710.3829664504,200152705.305779
0.....01,3,7,75,9966,126.81045835359132,20217122.719966892,342396421.278592
0.....01,3,7,76,9970,456.7794782807467,18525149.716708127,354887330.963408
0.....01,3,7,77,9967,403.98194871791753,6154378.071983548,309376891.560204
0.....01,3,7,78,9962,153.90627585967792,9951379.85182092,352832702.19593006
0.....01,3,7,79,9999,218.10045987423996,4670345.6049244935,13505395.785364002
0.....01,3,7,80,10000,2684.070028873127,30707531.61661699,30707531.61661699
0....001,4,7,0,636,0,52087121659.114494,88917585349.57109
0....001,4,7,1,1101,286.30608572956845,21064878311.38595,31660536634.776325
0....001,4,7,2,1074,562.9356686606297,5062201306.369451,10259099463.271372
0....001,4,7,3,3099,407.25386810330144,1075832965.4088318,3186369974.753983
0....001,4,7,4,8569,804.0831998582136,555718223.0071455,1262695422.7442513
0....001,4,7,5,9701,2898.123846450494,159588105.602909,402581970.645829
0....001,4,7,6,9914,2955.2448420324504,78892625.74514323,282925210.315731
0....001,4,7,7,9964,2124.4398695580294,49646234.04266359,205185388.20968202
0....001,4,7,8,9989,1852.6968548754824,23595649.85020723,114916790.34465401
0....001,4,7,9,9958,1576.1633826181792,49956269.14350572,457650410.93280196
0....001,4,7,10,9983,835.3318243332526,21204900.27197937,220704709.07400304
0....001,4,7,11,9985,737.083129639384,29963970.94348323,157612225.10578302
0....001,4,7,12,9984,1458.774965273341,22208961.827905647,178043938.380324
0....001,4,7,13,9991,957.0539123186838,20271876.581090983,96773031.963735
0....001,4,7,14,9986,1608.3454316831708,21380462.138882436,111712847.348477
0....001,4,7,15,9992,1468.7108190747977,22720602.111465175,180081493.15087208
0....001,4,7,16,9979,968.7995849307608,21569363.35428199,217581868.96974498
0....001,4,7,17,9978,760.2079581749764,20539251.184461817,242557565.77550498
0....001,4,7,18,9993,649.2979707549578,20433760.89733313,62095740.21085698
0....001,4,7,19,9985,2527.0460238638557,20349516.286290433,132184284.17293397
0....001,4,7,20,9972,1181.2806810395161,20544920.034015246,251211726.4389459
0....001,4,7,21,9970,626.72581279323,106247328.97833097,347323852.89809895
0....001,4,7,22,9970,2343.739473343377,53918931.119352065,251292144.57952002
0....001,4,7,23,9975,1643.9487912471034,104087952.02099147,292883783.512525
0....001,4,7,24,9981,2724.2615900629285,20446619.154446445,222301963.96880606
0....001,4,7,25,9992,705.4772756942059,22120902.0973749,146140606.437125
0....001,4,7,26,9995,1162.2916537568894,20673293.2472036,99019873.92651802
0....001,4,7,27,9989,1603.6177690995596,19593422.900761835,94416709.53918701
0....001,4,7,28,9975,1592.9943292645312,19497341.75782456,225327787.575386
0....001,4,7,29,10000,663.2913313517311,21243427.093552995,21243427.093552995
0...1001,5,7,0,264,0,48191506964.37371,88347047552.26193
0...1001,5,7,1,594,109.55907411958331,19363386969.50874,31916322902.18297
0...1001,5,7,2,901,274.1705981030627,3506304058.984495,9483031906.064123
0...1001,5,7,3,2860,253.45047742945914,1173126411.308647,3433166618.249719
0...1001,5,7,4,8511,743.5016291041084,487856779.0513407,1385681407.696873
0...1001,5,7,5,9631,2279.688480769591,173290391.88797635,477372150.0446839
0...1001,5,7,6,9918,2659.8353160880506,45020802.34360456,356561788.70831203
0...1001,5,7,7,9963,952.7270473610553,9277577.523876341,345163059.83997196
0...1001,5,7,8,9987,203.73534168996846,3168405.6042425153,164204287.862631
0...1001,5,7,9,9980,146.60787164508955,1040788.2292134268,74057549.16071999
0...1001,5,7,10,9988,106.70617137396351,2411737.4515468567,65757615.723419994
0...1001,5,7,11,9985,278.694541851291,4797951.045701551,157995465.29288203
0...1001,5,7,12,9984,230.68811451606516,1846159.8545572923,145711709.98681802
0...1001,5,7,13,9985,96.23773215886946,2263218.578393591,223147626.45850405
0...1001,5,7,14,9980,77.04567367836418,87198468.21099298,232560346.93882197
0...1001,5,7,15,9992,2846.8834682526945,5673497.617133708,67017231.379203014
0...1001,5,7,16,9973,643.5507190316889,3998949.3109265026,259218658.472095
0...1001,5,7,17,9979,117.05000040931967,3567426.478029863,222280627.49308798
0...1001,5,7,18,9988,121.8446317939903,1592151.073777533,108116889.96349601
0...1001,5,7,19,9963,111.90132352609994,1544700.2433142627,380467247.381297
0...1001,5,7,20,9970,30.773934769229324,3041262.9663640917,292271289.9739511
0...1001,5,7,21,9977,78.92760696237202,2392603.656549063,262618589.47471514
0...1001,5,7,22,9973,69.15303255722944,945052.5138915072,295349003.420446
0...1001,5,7,23,9966,24.277961083675105,2167732.0785831823,270727581.989143
0...1001,5,7,24,9971,60.70995946312598,2314662.6651278716,366898854.5455551
0...1001,5,7,25,9997,47.857061309308854,944661.7758407522,20449326.292837996
0...1001,5,7,26,9973,351.3443630561686,2364236.3429970923,252253472.95640904
0...1001,5,7,27,9972,71.11242910967142,1659104.63925692,264053286.90217206
0...1001,5,7,28,9988,47.66838404549393,1342327.4043342015,128705882.67740506
0...1001,5,7,29,9981,79.25096386895625,1236962.5103396457,70418253.23412898
0...1001,5,7,30,9991,133.38632429335692,749073.7496536884,64764569.97681899
0...1001,5,7,31,9967,87.91480370237983,34527135.0432738,323651981.67510706
0...1001,5,7,32,9972,808.9332581034562,26912345.295736056,207715287.61839208
0...1001,5,7,33,9948,982.9497460711789,49304557.91520908,477821615.20849
0...1001,5,7,34,9991,780.9496123020012,25598284.68243319,97426318.04621898
0...1001,5,7,35,9984,1997.1445229687154,5390684.011594553,102239209.89967598
0...1001,5,7,36,9983,400.4948381923023,37994130.5744105,214140126.06841603
0...1001,5,7,37,9997,1347.5518605464542,29184314.45101931,61683757.15719099
0...1001,5,7,38,9989,3598.440527877706,1814024.6264430876,99169963.64393398
0...1001,5,7,39,9995,139.01158579838392,1664380.1650985498,52842884.115016006
0...1001,5,7,40,9985,239.50510624335269,2100201.143449174,188310184.892994
0...1001,5,7,41,9985,84.7229579539391,3820655.238883325,178358621.517891
0...1001,5,7,42,9974,162.7263085003387,45506267.22352418,386973372.6988891
0...1001,5,7,43,9986,892.3299175350829,2843779.1453725216,101197665.29064304
0...1001,5,7,44,9976,213.49263310897285,1808116.5723566555,172346644.918567
0...1001,5,7,45,9978,79.62436718600422,255586.47791942282,135788752.406784
0...1001,5,7,46,9992,14.28839786256004,25401791.637176745,86729941.62386699
0...1001,5,7,47,9974,2226.4537633742398,1489657.700999599,211371185.329667
0...1001,5,7,48,9977,53.478107154865874,1750071.5436644282,193960826.85281903
0...1001,5,7,49,9986,68.48693151679886,2225324.765868216,101747230.01066001
0...1001,5,7,50,9980,166.16070578205378,2081297.4258797597,188123390.27701196
0...1001,5,7,51,9985,84.00165672964592,3188015.2610896355,154720888.218723
0...1001,5,7,52,9974,156.52563378554476,2074125.6053428918,273136382.796557
0...1001,5,7,53,9979,57.62233104113881,3142996.411186491,184514965.07031697
0...1001,5,7,54,9986,129.3198738785823,2455096.254876828,100809570.982508
0...1001,5,7,55,9993,185.02238676407106,508686.1240708496,59689791.12147199
0...1001,5,7,56,9987,64.79055190125034,2206589.3022509255,107396678.95465699
0...1001,5,7,57,9989,156.11033884795447,405864.8149874862,78758332.21499297
0...1001,5,7,58,9985,39.16272161420755,1234334.6945968952,161605896.64443004
0...1001,5,7,59,9959,58.021608227211324,17350525.593977302,275010482.491167
0...1001,5,7,60,9977,478.01891258930675,859383.1138037484,235249327.489182
0...1001,5,7,61,9969,27.728371084905127,42014628.84673389,221762680.56199902
0...1001,5,7,62,9966,1436.9101907027411,34891968.75806843,358520921.49254
0...1001,5,7,63,9980,737.9005155136008,1588899.4000871743,156791185.91558
0...1001,5,7,64,9997,76.94337948549618,1515586.9664519357,23020508.757861998
0...1001,5,7,65,9978,500.7276763766117,3074387.2296792944,137101120.961164
0...1001,5,7,66,9966,170.22644184670537,2178232.201911499,228227326.84691498
0...1001,5,7,67,9959,72.36413471075745,3846263.1031127623,429436862.144618
0...1001,5,7,68,9967,67.86117269225994,2425817.166097121,302661966.70386404
0...1001,5,7,69,9983,60.77579288909753,1277129.2277391567,208826831.88101304
0...1001,5,7,70,9953,46.44891516575353,4378168.01660002,355445339.07026917
0...1001,5,7,71,9990,93.26948190863358,2979263.3788268263,99500408.37333804
0...1001,5,7,72,9983,227.57024826241044,2903021.942565361,90419961.743333
0...1001,5,7,73,9966,243.84453719411633,4284156.748943406,317681254.238472
0...1001,5,7,74,9975,102.24936193211089,2341008.509757393,383263695.6780129
0...1001,5,7,75,9971,46.35367523831199,3465812.8032434057,472072885.61125183
0...1001,5,7,76,9970,55.693013951812404,1756063.1889327983,363841294.492508
0...1001,5,7,77,9987,36.6091182944827,3978753.049341144,129004830.136828
0...1001,5,7,78,9991,234.33762447471184,3246791.1917365626,30250618.855828002
0...1001,5,7,79,9985,815.8212518272255,2931773.596368553,80780166.876081
0...1001,5,7,80,9967,275.70187040574564,1642654.5463880808,353391815.1749369
0...1001,5,7,81,9976,35.24683874054051,1523502.51106656,211072219.81868294
0...1001,5,7,82,9967,54.781572847963204,1608769.8950827736,215323543.052183
0...1001,5,7,83,9993,56.6542939596935,3135791.1608115686,57647220.764871985
0...1001,5,7,84,9996,413.55245628456515,1507781.3683273308,58521428.01120599
0...1001,5,7,85,9981,195.93664384238318,4664349.504058714,222876694.55449393
0...1001,5,7,86,9967,158.9155672476962,5983216.145064715,271863261.90274686
0...1001,5,7,87,9996,166.88395629179635,94615.56232993194,79447744.02649699
0...1001,5,7,88,9985,9.056767369316345,1474168.7299128696,216525706.55886
0...1001,5,7,89,9993,51.71919534456955,2420627.851807266,119114766.23320703
0...1001,5,7,90,9991,154.49850118328058,1799616.3403913525,34806246.612471
0...1001,5,7,91,9987,393.00461825193594,20068137.696910985,91385514.721423
0...1001,5,7,92,9980,1668.5173223643633,3202090.013548096,145219634.093421
0...1001,5,7,93,9993,167.41898293613946,2921128.8865535874,37261000.637115
0...1001,5,7,94,9987,596.0161848512191,2067324.3434064286,96588261.485525
0...1001,5,7,95,9988,162.62423975362,1028937.0402863435,43705035.406225994
0...1001,5,7,96,9995,178.89648962177006,1144551.1149834918,61158978.46449398
0...1001,5,7,97,9998,142.30616938402483,728802.4035977197,27735406.533136994
0...1001,5,7,98,9972,199.87310200624702,1334757.7647352587,274065852.558035
0...1001,5,7,99,9983,36.94841033821231,978000.7005238904,144678920.96935
0...1001,5,7,100,9965,51.34059953353726,2059469.0118013052,257949551.04782295
0...1001,5,7,101,9994,60.52903475081577,958670.4081378827,110985594.72096401
0...1001,5,7,102,9987,65.67619950692792,4477013.700338438,155842359.54265398
0...1001,5,7,103,9981,218.27496044794285,1638346.3376094576,121165108.01228398
0...1001,5,7,104,9982,102.67581443825323,4355015.43512322,207731342.227576
0...1001,5,7,105,9984,159.21031325205848,3382179.3541516415,126407517.587273
0...1001,5,7,106,9993,203.23301675774997,2245679.1641449016,53090148.621312
0...1001,5,7,107,9989,321.58487596089935,1700765.1284232656,102557435.449404
0...1001,5,7,108,9974,126.02745421485893,19251811.53750752,197412964.270237
0...1001,5,7,109,9985,739.9992093149265,5440.11705758638,137873222.93455
0...1001,5,7,110,9967,0.2997383733443332,889947.7931313335,328468884.32815206
0...1001,5,7,111,9982,20.544743018475558,1039369.9138529353,187750831.448168
0...1001,5,7,112,9978,42.040879982306265,24661746.333893567,254998406.007175
0...1001,5,7,113,9966,734.1686241035846,841726.7302177404,284243030.10943604
0...1001,5,7,114,9970,22.452677460726665,2122918.4071404217,284187048.24200195
0...1001,5,7,115,9980,56.6617703810413,2515459.1246803603,162717135.73896098
0...1001,5,7,116,9995,117.37631611874774,1988698.2102021012,62836245.223597
0...1001,5,7,117,9973,240.66194118692457,2504635.2670630706,178708580.204363
0...1001,5,7,118,9980,106.33858229757588,2828148.023716433,261887240.85272002
0...1001,5,7,119,9973,81.99441989456207,166685.24040910456,276902067.14030194
0...1001,5,7,120,10000,4.567333527355507,2121285.8453450003,2121285.8453450003
0..11001,6,7,0,158,0,51680598973.53266,88305083704.91606
0..11001,6,7,1,271,69.64662461736934,11689062744.666088,33052507852.412025
0..11001,6,7,2,993,72.18479346721419,1647815860.3377242,9704131661.774628
0..11001,6,7,3,3657,126.99961415302926,887414552.3124992,3319918810.018595
0..11001,6,7,4,8647,736.249814156142,533748318.2085185,969150760.5219439
0..11001,6,7,5,9651,3586.8382487090507,173081266.51943946,464755221.455178
0..11001,6,7,6,9916,2707.068572455852,85873245.02014624,103958205.34453902
0..11001,6,7,7,9981,6169.312558545271,62190054.19584911,86511678.481047
0..11001,6,7,8,9980,5404.075492118689,57833735.16197495,209284742.58081102
0..11001,6,7,9,9966,2077.185917076212,46895082.089117,208637478.25505802
0..11001,6,7,10,9953,1687.1628847205525,28588952.72595398,487773245.17717403
0..11001,6,7,11,9975,439.3750886594102,24215686.03007018,160996683.32668102
0..11001,6,7,12,9993,1130.040234979959,23366466.597352147,111707524.151526
0..11001,6,7,13,9972,1574.3730986718235,23828879.35966807,406401926.32171595
0..11001,6,7,14,9979,440.38374984610704,21552276.38634833,232555284.34058797
0..11001,6,7,15,9990,696.5545165655352,20035734.084662665,112705832.65602899
0..11001,6,7,16,9989,1337.5976898004476,19679500.311756935,72664799.41567
0..11001,6,7,17,9989,2037.572898866445,21883600.250701774,59366502.710503995
0..11001,6,7,18,9989,2773.3231396249034,21250051.477398135,146750344.669375
0..11001,6,7,19,9989,1089.4417744879922,24732448.824105516,72545629.994725
0..11001,6,7,20,9975,2564.9507483868942,21065595.53954085,196730314.66514596
0..11001,6,7,21,9976,804.4823379405053,20965721.38412189,318999502.091255
0..11001,6,7,22,9981,493.82992077993424,21655187.88801723,171500033.842479
0..11001,6,7,23,9972,949.2332803014739,22083854.760219615,221405185.685166
0..11001,6,7,24,9976,749.1529914939823,21879311.987480953,333244366.66182
0..11001,6,7,25,9983,493.31967825553016,21499244.63601623,156319337.18831992
0..11001,6,7,26,9970,1034.1242497513235,21863235.796171516,295859744.8670539
0..11001,6,7,27,9982,554.9129667634705,20596380.964466043,205440448.18403095
0..11001,6,7,28,9978,753.7436779466836,20827993.060232516,323681611.86906487
0..11001,6,7,29,9986,483.5863685341694,21602983.738716204,147275622.14866796
0..11001,6,7,30,9984,1103.2541988425278,23131738.538279254,116117977.29361992
0..11001,6,7,31,9969,1498.0094035703341,22119237.145591337,314119666.1531579
0..11001,6,7,32,9992,528.7224705504069,41160527.436957575,66640373.729491
0..11001,6,7,33,9983,4648.331442117188,20508828.064940397,155005187.448059
0..11001,6,7,34,9971,994.848242967901,21715751.34636345,211027841.53359497
0..11001,6,7,35,9981,772.8139878490982,21894856.552725177,194054164.01931393
0..11001,6,7,36,9987,848.1923439878575,20878150.490202267,74520692.222533
0..11001,6,7,37,9982,2107.421215100396,24326801.587034665,171141854.56142896
0..11001,6,7,38,9994,1068.6795507630636,21165336.53075045,71660462.19669197
0..11001,6,7,39,9985,2223.2385940143417,21504113.51033551,114988032.62550898
0..11001,6,7,40,9982,1406.430008053655,19951091.833136648,203626162.32517895
0..11001,6,7,41,9979,736.6340868272803,21502235.374109633,261516279.50249588
0..11001,6,7,42,9972,617.9780643126568,21887632.52112616,378072453.9447938
0..11001,6,7,43,9966,434.81766230392975,21821278.163191855,312489617.6237299
0..11001,6,7,44,9994,524.1633244683434,21110920.492167305,58102703.87517201
0..11001,6,7,45,9985,2734.962188897221,137693474.18544012,190340675.20034096
0..11001,6,7,46,9999,5440.401805969744,21332467.423943397,37000117.452200994
0..11001,6,7,47,9992,4342.058910243779,22209732.664756805,88881697.72068898
0..11001,6,7,48,9973,1880.5486344409717,53055549.7650015,299803240.3065271
0..11001,6,7,49,9988,1329.2953031912677,22368657.191366635,58687531.221179
0..11001,6,7,50,9964,2867.3041377865247,61811166.007811114,450174369.1312741
0..11001,6,7,51,9946,1030.4360520688404,21978105.915554993,585482146.7160722
0..11001,6,7,52,9985,281.20705676823343,21058126.579022534,128207622.45069104
0..11001,6,7,53,9971,1235.2507014534388,20909613.455203086,327584882.5380191
0..11001,6,7,54,9950,479.36025590056255,22564544.852594968,402531870.55136
0..11001,6,7,55,9997,420.09793012888326,20474200.340011,43971308.01504099
0..11001,6,7,56,9994,3505.9717345555255,11960925.684961976,38298915.561265
0..11001,6,7,57,9986,2350.8169568694757,10553751.967931101,126567976.267853
0..11001,6,7,58,9988,627.1562627399112,8525486.567563076,97207639.72556901
0..11001,6,7,59,9988,659.7789637388718,8456005.872137565,178811274.72029397
0..11001,6,7,60,9977,355.7542236760151,3028324.9563726573,168226792.856462
0..11001,6,7,61,9992,135.2721637758696,2517323.996963571,96538606.46938601
0..11001,6,7,62,9977,196.24186848354825,1624822.761292974,261686058.40412694
0..11001,6,7,63,9968,46.65804474552061,3153116.6231781696,184188885.61576602
0..11001,6,7,64,9964,128.52446292209808,1705486.776410076,360122820.795766
0..11001,6,7,65,9970,35.54124088039682,668629.4330942826,197716075.46225104
0..11001,6,7,66,9938,25.39450909413373,635019.7806299054,425403963.63891697
0..11001,6,7,67,9979,11.173413431250898,1517685.5200080166,113542622.80967
0..11001,6,7,68,9978,100.46413416761001,4427527.379415713,118446583.50137998
0..11001,6,7,69,9973,280.9204602846708,2179592.289494635,250069418.91232193
0..11001,6,7,70,9991,65.46989607884761,3168126.8646371732,108025038.52620901
0..11001,6,7,71,9990,220.692842237197,1986247.6413093086,71501635.83208501
0..11001,6,7,72,9977,209.01817885658951,3398610.507350906,136257065.25045004
0..11001,6,7,73,9956,187.43189317303148,2401635.98151366,517186497.59198713
0..11001,6,7,74,9975,34.82138541066774,2526331.092276692,213739448.44184902
0..11001,6,7,75,9982,88.80136502843291,1574128.767029653,77423782.285209
0..11001,6,7,76,9971,152.85673970654733,3110528.3835011534,257165031.10216817
0..11001,6,7,77,9994,90.83686261980822,1464853.8535641385,72148356.83675803
0..11001,6,7,78,9981,152.82990846516824,2154668.8390171323,91506286.61537403
0..11001,6,7,79,9995,177.01285603609801,772496.3606913455,6773562.7728699995
0..11001,6,7,80,9972,858.5453398231383,1470427.817332531,196514948.73214298
0..11001,6,7,81,9984,56.19938228492062,216214.75521935092,80902693.55421701
0..11001,6,7,82,9967,20.09685384532634,2437703.9933229657,379857314.143107
0..11001,6,7,83,9987,48.175484213146476,2356591.8086732747,116382025.78534797
0..11001,6,7,84,9979,152.31218761997587,2986258.4579456854,200195941.39850503
0..11001,6,7,85,9991,112.11411712399352,2410116.243682314,41250988.93697501
0..11001,6,7,86,9980,439.65674339559024,2922864.1249388778,239642848.56715
0..11001,6,7,87,9986,91.68026276905763,3979848.7898678146,104999528.62693398
0..11001,6,7,88,9981,285.08340592544306,3335089.524517583,124358997.35599397
0..11001,6,7,89,9980,201.6069477130267,2325852.3473146292,119017029.50389
0..11001,6,7,90,9990,146.8942276185542,1682165.872151151,57361062.362927005
0..11001,6,7,91,9989,220.65728711134227,2954369.4673510864,127982369.47094199
0..11001,6,7,92,9992,173.6752079690181,1018060.0818004406,130549618.97624
0..11001,6,7,93,9995,58.68827982719105,1023743.7845352676,91879271.81514797
0..11001,6,7,94,9986,83.87985798800608,1114470.268387743,123143403.63096997
0..11001,6,7,95,9978,68.06910652792476,199958.03490378833,244427221.965002
0..11001,6,7,96,9981,6.148001183167058,2039498.000308586,166243326.297647
0..11001,6,7,97,9988,92.22619136127479,1343968.6690698836,63691271.792220995
0..11001,6,7,98,9986,158.74092684863206,838809.4033336672,129869884.10537705
0..11001,6,7,99,9986,48.578886256114,1559428.4737402364,113085120.496381
0..11001,6,7,100,9988,103.71766023103905,2234499.1120264325,89920400.60809802
0..11001,6,7,101,9995,186.939743128184,1901052.0403241622,61915101.25930398
0..11001,6,7,102,9989,231.1433328773151,544270.7033026328,141578921.70554003
0..11001,6,7,103,9971,28.922746116411762,1037533.852507271,184747107.48439094
0..11001,6,7,104,9979,42.17591361088786,1675508.0243812006,160044906.767551
0..11001,6,7,105,9997,78.68515986246422,2197734.2745013502,10699199.836752001
0..11001,6,7,106,9970,1546.659554138204,1851786.5430902708,241739521.51114696
0..11001,6,7,107,9972,57.522741819557936,1640599.7524127555,351390087.448147
0..11001,6,7,108,9974,35.066834202739315,2435327.3875696813,168637202.853901
0..11001,6,7,109,9955,108.48619601214205,959971.5521617277,307865691.53772604
0..11001,6,7,110,9955,23.379729833081594,521644.75669311895,381614545.41034806
0..11001,6,7,111,9978,10.24925611500201,2160812.3473261176,168864391.05017602
0..11001,6,7,112,9982,96.16645985407159,2813379.251605891,114502897.85896102
0..11001,6,7,113,9984,184.72706170896603,4740714.983662861,151103045.769699
0..11001,6,7,114,9975,235.92629868739985,3500693.6560731833,297232023.73195
0..11001,6,7,115,9965,88.48559347228122,1263119.3063833418,409694112.90883905
0..11001,6,7,116,9964,23.13998683036505,2102724.0197450826,297502319.073298
0..11001,6,7,117,9972,53.04284303734383,3180368.907056759,272905545.77414006
0..11001,6,7,118,9991,87.5283138289814,5393124.896395756,96911145.596498
0..11001,6,7,119,9963,418.7712555820097,4201608.230372379,423124101.842446
0..11001,6,7,120,9966,74.51420561560872,5905450.81984146,465333536.657079
0.011001,7,7,0,88,0,56251310841.318634,88908614640.46405
0.011001,7,7,1,181,41.51526605872443,3914337317.7541437,32942544872.514687
0.011001,7,7,2,709,16.036737708785232,1569651311.6683214,10559992432.8446
0.011001,7,7,3,2474,78.5818347572937,790121722.3008732,3576635623.0743484
0.011001,7,7,4,8269,407.5260250009748,609597911.3568774,1488518494.1404119
0.011001,7,7,5,9687,2525.099968691396,219799859.9895881,515049683.7423481
0.011001,7,7,6,9923,3082.5060348684233,118403817.0122987,178570505.14477503
0.011001,7,7,7,9979,4906.087803362211,68756516.39026254,181663470.498056
0.011001,7,7,8,9984,2816.239786918294,37845407.88699018,129176894.951386
0.011001,7,7,9,9978,2181.0683251300047,30916303.617206853,308480106.61280704
0.011001,7,7,10,9952,745.6589760435461,27421254.398871586,373746588.85264504
0.011001,7,7,11,9984,544.4484890045396,28269213.449521236,113418982.70759399
0.011001,7,7,12,9984,1855.5339245019265,22351342.144715548,162686541.66888702
0.011001,7,7,13,9979,1022.8051378090163,21813598.224410266,205314639.92965803
0.011001,7,7,14,9965,790.5525862997902,19872689.22539087,346698985.21741503
0.011001,7,7,15,9973,425.90988785613064,10717346.594538255,282432261.17267597
0.011001,7,7,16,9986,282.1857905037301,5055583.488648107,163927392.66014898
0.011001,7,7,17,9979,229.6400677887216,3334995.924692855,137368758.19960997
0.011001,7,7,18,9989,180.6469806255397,4259461.563756132,173131957.79938102
0.011001,7,7,19,9994,183.2465579919059,5830842.407507505,85848238.43257898
0.011001,7,7,20,9976,506.1457679848036,4455316.312601244,199494864.12060896
0.011001,7,7,21,9968,166.12676689895585,5289751.017707665,278173170.90869904
0.011001,7,7,22,9965,141.33976607489848,1676988.8721364774,284408671.957575
0.011001,7,7,23,9963,43.812798943584305,2118296.533449764,442221055.758174
0.011001,7,7,24,9969,35.585561091919786,2482449.6251168614,314386141.52139395
0.011001,7,7,25,9985,58.69552559755743,1749189.916154231,64929005.30032603
0.011001,7,7,26,9974,200.5776938998798,3460982.2296901937,136652403.584413
0.011001,7,7,27,9965,188.35962084504183,4975378.451850476,281860361.981762
0.011001,7,7,28,9971,131.16131669553576,5205374.624059774,268423059.547375
0.011001,7,7,29,9975,144.18073454997733,2398625.621157895,286630105.23909897
0.011001,7,7,30,9973,62.24291429995235,1874038.356909656,309278966.73828006
0.011001,7,7,31,9972,45.059903574309125,1538610.5390513437,339952115.326447
0.011001,7,7,32,9978,33.65344854906629,907851.7647604732,241298967.77798697
0.011001,7,7,33,9972,27.992347881741317,1523846.8448415562,320265763.495666
0.011001,7,7,34,9987,35.37931534320912,2208095.2995153703,116400754.281624
0.011001,7,7,35,9977,141.26462395486016,1507028.4721850257,183549038.596908
0.011001,7,7,36,9975,61.080933366080735,3114420.3493042607,295179559.658253
0.011001,7,7,37,9993,78.47660404505706,2022063.1793465426,63202678.780901
0.011001,7,7,38,9981,238.39188725046978,1523611.7064302173,186400330.640944
0.011001,7,7,39,9976,60.83283091064498,1967528.4171541703,314540929.788241
0.011001,7,7,40,9988,46.53038404235863,3281521.056705047,130475893.97510906
0.011001,7,7,41,9990,187.30949675569855,3702281.2662562565,125395417.02555
0.011001,7,7,42,9987,219.9325870229389,2593777.3617332536,80776930.85293502
0.011001,7,7,43,9977,239.12046497079083,2141812.5936383684,221691686.641848
0.011001,7,7,44,9977,71.87343175635685,5026081.19898667,273581425.25534797
0.011001,7,7,45,9984,136.67189441390892,1858923.7657341743,159228664.03945294
0.011001,7,7,46,9968,86.91230139471222,3085027.288794141,267641278.84707496
0.011001,7,7,47,9983,85.67424621711936,2376156.456824601,203088924.93986496
0.011001,7,7,48,9969,87.09359406005993,3467905.6923151766,310033607.977618
0.011001,7,7,49,9976,83.14697418738139,2048799.5862640336,264442358.93856505
0.011001,7,7,50,9975,57.63167536612294,2104379.116806015,258162653.62270597
0.011001,7,7,51,9978,60.62891836738814,1572788.4763640012,86923457.65185098
0.011001,7,7,52,9996,134.62111207405943,6855152.717962187,44194979.606875025
0.011001,7,7,53,9989,1156.1303260623224,3461699.668514367,43801040.05637902
0.011001,7,7,54,9970,588.65837311596,2285336.9519498507,269845110.780784
0.011001,7,7,55,9993,62.96035899751293,3369898.3119563702,71551320.52403803
0.011001,7,7,56,9987,350.9387940009327,3759492.0475418055,88275802.43462199
0.011001,7,7,57,9978,317.1457497331902,2390049.6342202853,126248789.093608
0.011001,7,7,58,9990,140.8508744308017,2101151.8044184186,35274106.351863
0.011001,7,7,59,9993,443.7141187447222,1121380.0455058543,83807806.08718102
0.011001,7,7,60,9989,99.70124659044654,8457070.799720697,121976215.603472
0.011001,7,7,61,9987,516.4201431473599,3013168.193761891,159048469.73946905
0.011001,7,7,62,9978,141.0799439872058,2152262.064164162,283050774.7609681
0.011001,7,7,63,9976,56.5731878672402,942374.0151042503,222661804.43312603
0.011001,7,7,64,9980,31.48258378605312,2602695.5090971943,278999759.11935705
0.011001,7,7,65,9981,69.42029020337745,6657508.358013226,282213415.872766
0.011001,7,7,66,9984,175.56763932992166,3175776.271367188,186382908.72313803
0.011001,7,7,67,9988,126.84832470394211,2786036.3991900277,153320024.943011
0.011001,7,7,68,9981,135.33271287028916,2000923.7764642828,188210256.32783303
0.011001,7,7,69,9978,79.12207412727136,1092214.22899078,207474385.8486991
0.011001,7,7,70,9985,39.167260020088584,912290.9573860794,149948196.145118
0.011001,7,7,71,9977,45.297740858923554,275247.060406936,309518400.208496
0.011001,7,7,72,9985,6.615650274175036,2568097.0860140217,120593768.72005305
0.011001,7,7,73,9974,158.55173134372762,4767194.041545018,232311039.64453706
0.011001,7,7,74,10000,152.61551771571297,3196423.942631001,3196423.942631001
00011001,8,7,0,52,0,840485327.0540384,89601663098.75923
00011001,8,7,1,232,0.3600716698510224,844840682.3031466,31322290879.84888
00011001,8,7,2,953,4.6193495711184225,837092700.1912591,9786419544.59035
00011001,8,7,3,3552,60.17473259903128,741542220.9040061,3279034898.149349
00011001,8,7,4,8639,592.9722168655443,403840402.8897998,1095780741.3608909
00011001,8,7,5,9740,2350.288204389581,140848963.0872577,332144371.551486
00011001,8,7,6,9920,3048.998827699308,42718730.87152621,360308759.72088504
00011001,8,7,7,9947,868.2139049091404,20972642.07791897,277584032.665968
00011001,8,7,8,9972,554.7819543182588,10892316.119153628,115380137.835496
00011001,8,7,9,9988,694.9330990001407,9853757.133602325,41004190.194566995
00011001,8,7,10,9995,1771.8366966072379,7352448.928153076,69861025.823859
00011001,8,7,11,9989,776.5177728689896,7999616.52510161,54176441.65864298
00011001,8,7,12,9980,1088.810370880829,8355895.186739478,221215189.438463
00011001,8,7,13,9982,278.27880189931295,3742367.477998398,114600216.03564101
00011001,8,7,14,9979,240.63018410560196,4466494.73338611,235348756.10803798
00011001,8,7,15,9976,139.80203248549662,3177474.744384523,268403727.596106
00011001,8,7,16,9983,87.18094023946105,4556878.529016327,270282402.182041
00011001,8,7,17,9990,124.2459658960475,4016003.196185185,119040731.24922001
00011001,8,7,18,9991,248.79147549541753,1238474.0986017415,141772480.610217
00011001,8,7,19,9979,64.42812500104176,1255380.388475799,243313241.51568
00011001,8,7,20,9978,38.007400008608414,2841562.136725797,138702610.82797694
00011001,8,7,21,9992,150.89941796395186,4239341.995954762,49080492.78541702
00011001,8,7,22,9986,637.1086594348764,2102408.3286250746,73117213.083019
00011001,8,7,23,9985,211.96323749125096,693436.3585017526,158898602.55705792
00011001,8,7,24,9988,32.16667300370462,2568654.4543342004,105091198.89687297
00011001,8,7,25,9972,180.2143692093708,1660161.1814741273,354410344.486121
00011001,8,7,26,9975,34.48241536027467,40544.160401002504,304116439.675935
00011001,8,7,27,9984,0.9816865978722038,3288557.9840084133,134649461.521767
00011001,8,7,28,9991,180.0018625388281,3029550.3676628964,45370738.99801
00011001,8,7,29,9983,492.47345554766616,2557201.759539217,177429894.35431293
00011001,8,7,30,9958,106.2113222515712,1587834.6981191002,289986577.858589
00011001,8,7,31,9971,40.25047936246222,2299639.9396820776,192173762.902057
00011001,8,7,32,9988,88.07973691640991,3801031.459160993,118491803.02683096
00011001,8,7,33,9991,236.51747478710706,3182647.29770093,124543448.950248
00011001,8,7,34,9996,188.4725588766138,2477372.7969507794,24481881.788009
00011001,8,7,35,9973,746.6969185624583,2722249.159654065,266780897.8926129
00011001,8,7,36,9981,75.12258180865113,3891560.7569311685,184762707.52931497
00011001,8,7,37,9978,155.18691394169443,100714.87930146325,201650867.19941494
00011001,8,7,38,9996,3.678820398764416,529585.9173149259,22534874.072947998
00011001,8,7,39,9991,173.4119746404282,798442.0919657691,32805723.409106996
00011001,8,7,40,9981,179.50407314139522,2161982.6675944286,167199123.95061
00011001,8,7,41,9965,95.27167696346184,4999624.865644757,385577249.151125
00011001,8,7,42,9982,95.38385386396236,4390737.796437587,149585792.425904
00011001,8,7,43,9991,216.28991292225194,2780418.0274487035,78796915.44622399
00011001,8,7,44,9974,260.2443929912043,2652744.3653088026,182524137.44745904
00011001,8,7,45,9978,107.00794000636824,1272443.5113028663,120299393.790596
00011001,8,7,46,9980,77.9094459581694,2666147.156745491,113021731.27743201
00011001,8,7,47,9982,173.78978498478156,1096679.9729232618,120291163.33647199
00011001,8,7,48,9973,67.17927258195027,3902147.7441482,220112319.47273895
00011001,8,7,49,9976,130.51388614116524,2639199.1219977946,152670364.544105
00011001,8,7,50,9964,127.30498196410726,1427045.2343697308,301663614.404026
00011001,8,7,51,9958,34.795258871589056,2358454.242757582,252077630.66993803
00011001,8,7,52,9992,68.77598393828085,2564634.6192133706,97252915.77151799
00011001,8,7,53,9981,194.51219672962435,566977.6224897306,194447691.137507
00011001,8,7,54,9981,21.483682581379203,2157608.247742711,242546924.282072
00011001,8,7,55,9983,65.5424122378021,3273256.0773254535,134967274.271994
00011001,8,7,56,9989,178.7245122740171,2723886.7141815997,105246515.01629598
00011001,8,7,57,9991,190.8424020409545,2748216.645693124,139779992.51571202
00011001,8,7,58,9979,145.0061612542139,1483704.2914530514,118343129.68994302
00011001,8,7,59,9970,92.35552232328442,4363428.637845538,290421837.00193197
00011001,8,7,60,9982,110.57712945145654,2884535.8715197355,133578676.50695102
00011001,8,7,61,9970,159.12115307626655,1834449.757242728,369754236.315471
00011001,8,7,62,9995,36.513996132465756,2651096.5256868433,70166645.689924
00011001,8,7,63,9972,278.77201047029024,3848452.5410509426,340755216.876436
00011001,8,7,64,9960,83.13759083282994,1078905.2466385541,446519254.2456521
00011001,8,7,65,9964,17.76535934483408,612134.1030770775,349863886.987806
00011001,8,7,66,9959,12.869234699314223,3986463.207733708,361892908.61608195
00011001,8,7,67,9977,80.98320552568617,1497997.0829437703,155366342.817153
00011001,8,7,68,9987,71.01098563148169,1915916.7132241917,46924675.886497
00011001,8,7,69,9996,301.01070298917057,1624536.8173509403,84311219.962624
00011001,8,7,70,9986,142.1811347705346,607774.7855637892,213326756.535864
00011001,8,7,71,9998,21.00199031900064,648751.1722314464,14652121.331996998
00011001,8,7,72,9958,326.78515951571154,949353.5856758385,353033364.66061604
00011001,8,7,73,9978,19.76768941423922,3110880.5882952497,225492952.24600098
00011001,8,7,74,9961,101.61677595657196,608944.4573536795,464389150.95897
00011001,8,7,75,9971,9.642066013409915,304911.4044729716,312382025.6314
00011001,8,7,76,9985,7.184522209990605,1496263.6692799197,236219351.46377596
00011001,8,7,77,9958,46.688752626137486,4344222.689412532,336909099.99161696
00011001,8,7,78,9970,94.78573971978174,2030119.4790140425,403124276.99557704
00011001,8,7,79,9989,37.06374910088637,1966177.8803343677,143165972.64216602
00011001,8,7,80,9993,101.26900775125611,3011390.1707175025,60857073.545098
00011001,8,7,81,9983,365.02566030385356,1431070.0986116396,79281428.446954
00011001,8,7,82,9979,133.0215659018729,2711989.83804289,129071210.704383
00011001,8,7,83,9992,154.7808546848614,1687066.7516443152,59033383.51824301
00011001,8,7,84,9978,210.79415286836365,2413506.722966526,248636404.17067602
00011001,8,7,85,9997,71.49881433794233,1182046.4962588777,14685066.844809998
00011001,8,7,86,9994,594.0183596701648,3082250.7561747045,52592776.158221
00011001,8,7,87,9986,432.3672202108005,1906106.0746545163,46247854.05115
00011001,8,7,88,9956,303.8215570369788,2553186.8086219365,374634951.206664
00011001,8,7,89,9987,50.08765871578401,1905718.6959547412,91092199.23915
00011001,8,7,90,9995,154.23544857387074,2512679.981428714,39187256.841438
00011001,8,7,91,9981,473.0931486170794,2492236.50783689,138354792.275972
00011001,8,7,92,9983,132.72130590514806,2089173.4086256637,180630246.091331
00011001,8,7,93,9981,85.23473803263796,1415255.0634675883,192126898.62884703
00011001,8,7,94,9967,54.2740392558115,1834298.0265456003,119190910.77305801
00011001,8,7,95,9993,113.23032725265867,1496215.901660162,56342210.01302902
00011001,8,7,96,9992,195.89701532219985,2544920.092560048,67225717.166486
00011001,8,7,97,9985,279.2303853754396,2136319.8152909363,176676739.473169
00011001,8,7,98,9979,89.1264289512032,455864.95872131473,260519906.35230795
00011001,8,7,99,9977,12.890028075682281,3352585.459914804,237736790.13835704
00011001,8,7,100,9989,103.86159277850415,1824461.4452958251,125853454.007706
00011001,8,7,101,9982,106.89640701645463,1148423.9950230417,126677731.384332
00011001,8,7,102,9980,66.80224995724923,1376330.778776553,120236619.249719
00011001,8,7,103,9993,84.33117484208279,1332805.8549514662,28672039.490852997
00011001,8,7,104,9974,342.9065153398811,2750056.371293363,187122322.08972803
00011001,8,7,105,9960,108.2073859672359,2743911.1571586346,251628476.19502997
00011001,8,7,106,9978,80.17540089369314,1023772.2058989778,196570393.989546
00011001,8,7,107,9963,38.36191423737302,1546269.9722322593,306616797.31833494
00011001,8,7,108,9979,37.08950636847077,96507.90955807196,221151554.08794904
00011001,8,7,109,9984,3.2146335970315953,2852261.050008013,196396071.464828
00011001,8,7,110,9976,107.03667043512161,4960013.250755813,266680191.343954
00011001,8,7,111,9978,136.9682991820216,3545444.8167749047,175747352.370678
00011001,8,7,112,9967,148.59253177545776,2376599.6389384973,463317296.4926311
00011001,8,7,113,9973,37.741009742069245,4468619.764597413,267355595.01374003
00011001,8,7,114,9960,123.04996308763482,3737301.2481124494,378982808.62062895
00011001,8,7,115,9977,72.5052539682919,2294164.3725819383,210841011.982025
00011001,8,7,116,9978,80.13845309066636,4414006.627767088,222458794.94318599
00011001,8,7,117,9977,146.14987356544492,3770790.94193946,127793117.552773
00011001,8,7,118,9960,217.31840362475504,4023185.5696907626,324420508.192412
00011001,8,7,119,9984,91.17854274198017,1317984.4481630607,179693791.448047
00011001,8,7,120,9969,54.057172973881805,1841426.5577740998,237894716.94544503
00011001,8,7,121,9989,56.96298570044965,3221479.2980878963,115746060.13836001
00011001,8,7,122,9981,205.23086928380604,1883829.6165143773,187259915.960243
00011001,8,7,123,9992,74.1211921092125,2061203.101836469,63908345.516854994
00011001,8,7,124,9977,237.89602307581822,1408488.0611316026,186284789.171092
00011001,8,7,125,9973,55.686162637637636,1717674.214370801,135079702.563992
00011001,8,7,126,9970,93.61556510349543,6116611.172728186,235655635.29170996
00011001,8,7,127,9975,191.02919525859133,3437616.0989794484,200811687.92873204
00011001,8,7,128,9989,126.05289839082269,740268.5545049554,40749454.049095
00011001,8,7,129,9978,133.95565860194756,1746401.980513129,215796058.86615598
00011001,8,7,130,9976,59.60953716575941,2897634.059856656,337974428.30311304
00011001,8,7,131,9975,63.137543394066114,1964217.4528280701,251521680.911696
00011001,8,7,132,9975,57.50407038195027,2420554.132578446,234472501.71724698
00011001,8,7,133,9974,76.01640562151856,3361170.477950672,181063513.959708
00011001,8,7,134,9988,136.67859425278002,3187480.109231077,122046696.1456
00011001,8,7,135,9973,192.56241918759375,1992061.0723814298,330902222.679986
00011001,8,7,136,9980,44.320058739970285,1724038.5378657316,162427423.070791
00011001,8,7,137,9984,78.19692950667859,1883949.127822516,133580517.40421902
00011001,8,7,138,9975,103.94465597216701,3197190.9163558898,126219947.234065
00011001,8,7,139,9978,186.51983571474423,2185499.2393776304,152384898.663553
00011001,8,7,140,9974,105.63887620037796,2962884.1001654305,182333346.31150502
00011001,8,7,141,9981,119.64359899176539,745605.3664793106,83931646.62379399
00011001,8,7,142,9986,65.45289813566838,3810639.3847085917,104830554.02456999
00011001,8,7,143,9979,267.9619171037088,1267381.6992043292,165139011.19513598
00011001,8,7,144,9967,56.53485963654955,829274.2058783987,266059494.678504
00011001,8,7,145,9971,22.932710955904213,2561567.3083291543,200270221.108144
00011001,8,7,146,9975,94.14551916803856,1858883.9252842108,208239152.35048202
00011001,8,7,147,9969,65.73161951925734,3229966.8777359817,186932536.39542797
00011001,8,7,148,9987,127.15583959958187,715338.23757685,214601198.895368
00011001,8,7,149,9974,24.574567892675717,470633.38068678556,150673617.31641403
00011001,8,7,150,9989,22.99780673914133,3381323.540296326,147413603.364402
00011001,8,7,151,9990,169.13859658152242,24651.35252152152,126722959.40117203
00011001,8,7,152,9976,1.4345724217514721,4510620.062982157,164873210.359852
00011001,8,7,153,9976,201.4717399329263,2588291.5429560947,169623828.66828498
00011001,8,7,154,9976,112.3710181574282,2958574.225326785,299358888.832192
00011001,8,7,155,9976,72.78104643717755,1540207.318287891,183582009.910741
00011001,8,7,156,9981,61.78414577522097,2448539.4123033765,215330427.78992897
00011001,8,7,157,9985,83.78133862891616,1664630.201828743,154200257.50903198
00011001,8,7,158,9978,79.57053606355917,3734120.85387252,236450737.95799902
00011001,8,7,159,9966,116.32223532059177,2387737.2394210314,254609326.00532198
00011001,8,7,160,9990,68.99294002960414,1550326.0540060063,70899442.047955
00011001,8,7,161,9982,161.2565114247095,1875686.422717892,161745601.05466202
00011001,8,7,162,9985,85.45094421151411,1501520.3693590385,55679476.15131299
00011001,8,7,163,9984,198.77222561653403,1348756.0043639825,32521056.172268007
00011001,8,7,164,9978,305.66440366691006,1852858.8642643818,141383657.15727103
00011001,8,7,165,9982,96.52908101624189,2782588.430443799,136977787.433786
00011001,8,7,166,9984,149.6883280307163,2067612.9972445911,140598929.123949
00011001,8,7,167,9984,108.38354624343191,2262886.6645703125,181804140.14840698
00011001,8,7,168,9984,91.73501793567806,446850.95951121795,120309427.06548798
00011001,8,7,169,9986,27.37405605973506,575706.5171630282,204292482.84304303
00011001,8,7,170,9971,20.773604772501287,3129843.680973824,234345224.311811
00011001,8,7,171,9987,98.30526990002897,1117416.7250475618,116644838.50580801
00011001,8,7,172,9976,70.62463801966051,3185680.2708680835,256574700.03822803
00011001,8,7,173,9959,91.43581501019041,357753.67616628174,497313826.06860507
00011001,8,7,174,9976,5.288601548626643,1268119.2218755013,279667991.01074904
00011001,8,7,175,9970,33.39222108293356,1497173.7436128384,327240763.92739207
00011001,8,7,176,9976,33.67220109473833,1981475.8434512832,214363135.906437
00011001,8,7,177,9996,68.07171066226041,340772.0137535014,33682302.204952
00011001,8,7,178,9980,74.65517946152026,1442187.9098567136,142141136.164041
